gvkey,iid,gvkeyx,from,thru,conm,indextype,tic,spii,spmi,indexcat,co_conm,co_tic,co_cusip,co_cik,co_sic,co_naics
001078,01,000003,19640331,,S&P 500 Comp-Ltd,LGCAP,I0003,,10,S&P,ABBOTT LABORATORIES,ABT,002824100,0000001800,2834,325412
001300,01,000003,19640331,,S&P 500 Comp-Ltd,LGCAP,I0003,,10,S&P,HONEYWELL INTERNATIONAL INC,HON,438516106,0000773840,9997,336413
001440,01,000003,19640331,,S&P 500 Comp-Ltd,LGCAP,I0003,,10,S&P,AMERICAN ELECTRIC POWER CO,AEP,025537101,0000004904,4911,2211
002285,01,000003,19640331,,S&P 500 Comp-Ltd,LGCAP,I0003,,10,S&P,BOEING CO,BA,097023105,0000012927,3721,336411
002403,01,000003,19640331,,S&P 500 Comp-Ltd,LGCAP,I0003,,10,S&P,BRISTOL-MYERS SQUIBB CO,BMY,110122108,0000014272,2834,325412
002663,01,000003,19640331,,S&P 500 Comp-Ltd,LGCAP,I0003,,10,S&P,CAMPBELL SOUP CO,CPB,134429109,0000016732,2030,311422
002817,01,000003,19640331,,S&P 500 Comp-Ltd,LGCAP,I0003,,10,S&P,CATERPILLAR INC,CAT,149123101,0000018230,3531,333120
002991,01,000003,19640331,,S&P 500 Comp-Ltd,LGCAP,I0003,,10,S&P,CHEVRON CORP,CVX,166764100,0000093410,2911,324110
003144,01,000003,19640331,,S&P 500 Comp-Ltd,LGCAP,I0003,,10,S&P,COCA-COLA CO,KO,191216100,0000021344,2086,312111
003170,01,000003,19640331,,S&P 500 Comp-Ltd,LGCAP,I0003,,10,S&P,COLGATE-PALMOLIVE CO,CL,194162103,0000021665,2844,325611
003413,01,000003,19640331,,S&P 500 Comp-Ltd,LGCAP,I0003,,10,S&P,CONSOLIDATED EDISON INC,ED,209115104,0001047862,4931,22111
003532,01,000003,19640331,,S&P 500 Comp-Ltd,LGCAP,I0003,,10,S&P,CORNING INC,GLW,219350105,0000024741,3679,334419
003835,01,000003,19640331,,S&P 500 Comp-Ltd,LGCAP,I0003,,10,S&P,DEERE & CO,DE,244199105,0000315189,3523,333111
003897,01,000003,19640331,,S&P 500 Comp-Ltd,LGCAP,I0003,,10,S&P,DTE ENERGY CO,DTE,233331107,0000936340,4931,2211
004029,01,000003,19640331,,S&P 500 Comp-Ltd,LGCAP,I0003,,10,S&P,DOMINION ENERGY INC,D,25746U109,0000715957,4911,22111
004199,01,000003,19640331,,S&P 500 Comp-Ltd,LGCAP,I0003,,10,S&P,EATON CORP PLC,ETN,G29183103,0001551182,3620,335314
004503,01,000003,19640331,,S&P 500 Comp-Ltd,LGCAP,I0003,,10,S&P,EXXON MOBIL CORP,XOM,30231G102,0000034088,2911,324110
004839,01,000003,19640331,,S&P 500 Comp-Ltd,LGCAP,I0003,,10,S&P,FORD MOTOR CO,F,345370860,0000037996,3711,33611
005046,01,000003,19640331,,S&P 500 Comp-Ltd,LGCAP,I0003,,10,S&P,GENERAL DYNAMICS CORP,GD,369550108,0000040533,3721,336411
005047,01,000003,19640331,,S&P 500 Comp-Ltd,LGCAP,I0003,,10,S&P,GENERAL ELECTRIC CO,GE,369604103,0000040545,9997,999977
005439,01,000003,19640331,,S&P 500 Comp-Ltd,LGCAP,I0003,,10,S&P,HALLIBURTON CO,HAL,406216101,0000045012,1389,213112
005597,01,000003,19640331,,S&P 500 Comp-Ltd,LGCAP,I0003,,10,S&P,HERSHEY CO,HSY,427866108,0000047111,2060,311351
006066,01,000003,19640331,,S&P 500 Comp-Ltd,LGCAP,I0003,,10,S&P,INTL BUSINESS MACHINES CORP,IBM,459200101,0000051143,7370,519130
006104,01,000003,19640331,,S&P 500 Comp-Ltd,LGCAP,I0003,,10,S&P,INTL PAPER CO,IP,460146103,0000051434,2631,322130
006375,01,000003,19640331,,S&P 500 Comp-Ltd,LGCAP,I0003,,10,S&P,KELLOGG CO,K,487836108,0000055067,2040,311230
006435,01,000003,19640331,,S&P 500 Comp-Ltd,LGCAP,I0003,,10,S&P,KIMBERLY-CLARK CORP,KMB,494368103,0000055785,2621,322121
006502,01,000003,19640331,,S&P 500 Comp-Ltd,LGCAP,I0003,,10,S&P,KROGER CO,KR,501044101,0000056873,5411,445110
007163,01,000003,19640331,,S&P 500 Comp-Ltd,LGCAP,I0003,,10,S&P,S&P GLOBAL INC,SPGI,78409V104,0000064040,7323,561450
007241,01,000003,19640331,,S&P 500 Comp-Ltd,LGCAP,I0003,,10,S&P,CVS HEALTH CORP,CVS,126650100,0000064803,5912,446110
007257,01,000003,19640331,,S&P 500 Comp-Ltd,LGCAP,I0003,,10,S&P,MERCK & CO,MRK,58933Y105,0000310158,2834,325412
007366,01,000003,19640331,,S&P 500 Comp-Ltd,LGCAP,I0003,,10,S&P,ENTERGY CORP,ETR,29364G103,0000065984,4911,22111
007435,01,000003,19640331,,S&P 500 Comp-Ltd,LGCAP,I0003,,10,S&P,3M CO,MMM,88579Y101,0000066740,2670,322220
007585,01,000003,19640331,,S&P 500 Comp-Ltd,LGCAP,I0003,,10,S&P,MOTOROLA SOLUTIONS INC,MSI,620076307,0000068505,3663,334220
007923,01,000003,19640331,,S&P 500 Comp-Ltd,LGCAP,I0003,,10,S&P,NORFOLK SOUTHERN CORP,NSC,655844108,0000702165,4011,482111
007977,01,000003,19640331,,S&P 500 Comp-Ltd,LGCAP,I0003,,10,S&P,XCEL ENERGY INC,XEL,98389B100,0000072903,4931,2211
008099,01,000003,19640331,,S&P 500 Comp-Ltd,LGCAP,I0003,,10,S&P,FIRSTENERGY CORP,FE,337932107,0001031296,4911,22111
008247,01,000003,19640331,,S&P 500 Comp-Ltd,LGCAP,I0003,,10,S&P,PPG INDUSTRIES INC,PPG,693506107,0000079879,2851,325510
008272,01,000003,19640331,,S&P 500 Comp-Ltd,LGCAP,I0003,,10,S&P,SEMPRA ENERGY,SRE,816851109,0001032208,4931,22111
008479,01,000003,19640331,,S&P 500 Comp-Ltd,LGCAP,I0003,,10,S&P,PEPSICO INC,PEP,713448108,0000077476,2080,31211
008530,01,000003,19640331,,S&P 500 Comp-Ltd,LGCAP,I0003,,10,S&P,PFIZER INC,PFE,717081103,0000078003,2834,325412
008539,01,000003,19640331,,S&P 500 Comp-Ltd,LGCAP,I0003,,10,S&P,EXELON CORP,EXC,30161N101,0001109357,4911,22111
008543,01,000003,19640331,,S&P 500 Comp-Ltd,LGCAP,I0003,,10,S&P,ALTRIA GROUP INC,MO,02209S103,0000764180,2111,312230
008549,01,000003,19640331,,S&P 500 Comp-Ltd,LGCAP,I0003,,10,S&P,CONOCOPHILLIPS,COP,20825C104,0001163165,1311,2111
008762,01,000003,19640331,,S&P 500 Comp-Ltd,LGCAP,I0003,,10,S&P,PROCTER & GAMBLE CO,PG,742718109,0000080424,2840,325611
008810,01,000003,19640331,,S&P 500 Comp-Ltd,LGCAP,I0003,,10,S&P,PUBLIC SERVICE ENTRP GRP INC,PEG,744573106,0000788784,4931,22111
008972,01,000003,19640331,,S&P 500 Comp-Ltd,LGCAP,I0003,,10,S&P,RAYTHEON CO,RTN,755111507,0001047122,3812,334511
009203,01,000003,19640331,,S&P 500 Comp-Ltd,LGCAP,I0003,,10,S&P,ROCKWELL AUTOMATION,ROK,773903109,0001024478,3620,335314
009846,01,000003,19640331,,S&P 500 Comp-Ltd,LGCAP,I0003,,10,S&P,EDISON INTERNATIONAL,EIX,281020107,0000827052,4911,22111
009850,01,000003,19640331,,S&P 500 Comp-Ltd,LGCAP,I0003,,10,S&P,SOUTHERN CO,SO,842587107,0000092122,4911,2211
010499,01,000003,19640331,,S&P 500 Comp-Ltd,LGCAP,I0003,,10,S&P,TEXAS INSTRUMENTS INC,TXN,882508104,0000097476,3674,334413
010867,01,000003,19640331,,S&P 500 Comp-Ltd,LGCAP,I0003,,10,S&P,UNION PACIFIC CORP,UNP,907818108,0000100885,4011,482111
010983,01,000003,19640331,,S&P 500 Comp-Ltd,LGCAP,I0003,,10,S&P,UNITED TECHNOLOGIES CORP,UTX,913017109,0000101829,3724,336412
011456,01,000003,19640331,,S&P 500 Comp-Ltd,LGCAP,I0003,,10,S&P,WEYERHAEUSER CO,WY,962166104,0000106535,2400,321
011465,01,000003,19640331,,S&P 500 Comp-Ltd,LGCAP,I0003,,10,S&P,WHIRLPOOL CORP,WHR,963320106,0000106640,3630,3352
011636,01,000003,19640331,,S&P 500 Comp-Ltd,LGCAP,I0003,,10,S&P,XEROX HOLDINGS CORP,XRX,98421M106,0001770450,3577,333316
002490,01,000003,19640331,20100215,S&P 500 Comp-Ltd,LGCAP,I0003,,10,S&P,BURLINGTON NORTHERN SANTA FE,BRK3,12189T104,0000934612,4011,482111
004194,01,000003,19640331,20101219,S&P 500 Comp-Ltd,LGCAP,I0003,,10,S&P,EASTMAN KODAK CO,KODK,277461109,0000031235,3577,333316
005860,01,000003,19640331,20111031,S&P 500 Comp-Ltd,LGCAP,I0003,,10,S&P,ITT INC,ITT,45073V108,0000216228,3561,333914
001995,01,000003,19640331,20120313,S&P 500 Comp-Ltd,LGCAP,I0003,,10,S&P,CONSTELLATION ENERGY GRP INC,CEG,210371100,0001004440,4931,22111
005229,01,000003,19640331,20120730,S&P 500 Comp-Ltd,LGCAP,I0003,,10,S&P,GOODRICH CORP,GR,382388106,0000042542,3728,336413
005568,01,000003,19640331,20130606,S&P 500 Comp-Ltd,LGCAP,I0003,,10,S&P,KRAFT HEINZ CO,KHC,423074103,0001637459,2030,31142
008446,01,000003,19640331,20131201,S&P 500 Comp-Ltd,LGCAP,I0003,,10,S&P,PENNEY (J C) CO,JCP,708160106,0001166126,5311,452210
001408,01,000003,19640331,20140430,S&P 500 Comp-Ltd,LGCAP,I0003,,10,S&P,BEAM INC,BEAM.2,073730103,0000789073,2085,312140
011446,01,000003,19640331,20150701,S&P 500 Comp-Ltd,LGCAP,I0003,,10,S&P,MEADWESTVACO CORP,MWV,583334107,0001159297,2631,322130
001356,01,000003,19640331,20161031,S&P 500 Comp-Ltd,LGCAP,I0003,,10,S&P,ALCOA INC,AA.3,013817507,,3720,3364
008606,01,000003,19640331,20170228,S&P 500 Comp-Ltd,LGCAP,I0003,,10,S&P,PITNEY BOWES INC,PBI,724479100,0000078814,3579,333318
001976,01,000003,19640331,20170704,S&P 500 Comp-Ltd,LGCAP,I0003,,10,S&P,BAKER HUGHES INC,BHI,057224107,0000808362,1381,213111
004087,01,000003,19640331,20170831,S&P 500 Comp-Ltd,LGCAP,I0003,,10,S&P,DU PONT (E I) DE NEMOURS,DD.2,263534109,0000030554,2820,3252
008264,01,000003,19640331,20190117,S&P 500 Comp-Ltd,LGCAP,I0003,,10,S&P,PG&E CORP,PCG,69331C108,0001004980,4931,2211
005234,01,000003,19640331,20190226,S&P 500 Comp-Ltd,LGCAP,I0003,,10,S&P,GOODYEAR TIRE & RUBBER CO,GT,382550101,0000042582,3011,326211
004060,01,000003,19640331,20190602,S&P 500 Comp-Ltd,LGCAP,I0003,,10,S&P,DUPONT DE NEMOURS INC,DD,26614N102,0001666700,2821,325211
009667,01,000003,19640630,,S&P 500 Comp-Ltd,LGCAP,I0003,,10,S&P,SHERWIN-WILLIAMS CO,SHW,824348106,0000089800,2851,325510
003650,01,000003,19650331,,S&P 500 Comp-Ltd,LGCAP,I0003,,10,S&P,CUMMINS INC,CMI,231021106,0000026172,3510,333618
004321,01,000003,19650331,,S&P 500 Comp-Ltd,LGCAP,I0003,,10,S&P,EMERSON ELECTRIC CO,EMR,291011104,0000032604,3823,334513
009465,01,000003,19650331,,S&P 500 Comp-Ltd,LGCAP,I0003,,10,S&P,SCHLUMBERGER LTD,SLB,806857108,0000087347,1389,213112
001920,01,000003,19670630,20150322,S&P 500 Comp-Ltd,LGCAP,I0003,,10,S&P,AVON PRODUCTS,AVP,054303102,0000008868,2844,325620
002574,01,000003,19670930,,S&P 500 Comp-Ltd,LGCAP,I0003,,10,S&P,CSX CORP,CSX,126408103,0000277948,4011,482111
007260,01,000003,19680630,20110103,S&P 500 Comp-Ltd,LGCAP,I0003,,10,S&P,MEREDITH CORP,MDP,589433101,0000065011,2721,511120
003121,01,000003,19690331,,S&P 500 Comp-Ltd,LGCAP,I0003,,10,S&P,CLOROX CO/DE,CLX,189054109,0000021076,2842,325612
005071,01,000003,19690331,,S&P 500 Comp-Ltd,LGCAP,I0003,,10,S&P,GENERAL MILLS INC,GIS,370334104,0000040704,2040,311230
010156,01,000003,19690331,20121004,S&P 500 Comp-Ltd,LGCAP,I0003,,10,S&P,SUNOCO INC,SUN.1,86764P109,0000095304,2911,324110
007881,01,000003,19690630,,S&P 500 Comp-Ltd,LGCAP,I0003,,10,S&P,NEWMONT GOLDCORP CORP,NEM,651639106,0001164727,1040,212221
007154,01,000003,19700630,,S&P 500 Comp-Ltd,LGCAP,I0003,,10,S&P,MCDONALD'S CORP,MCD,580135101,0000063908,5812,722513
006730,01,000003,19701231,,S&P 500 Comp-Ltd,LGCAP,I0003,,10,S&P,LILLY (ELI) & CO,LLY,532457108,0000059478,2834,325412
002086,01,000003,19720930,,S&P 500 Comp-Ltd,LGCAP,I0003,,10,S&P,BAXTER INTERNATIONAL INC,BAX,071813109,0000010456,2834,325412
002111,01,000003,19720930,,S&P 500 Comp-Ltd,LGCAP,I0003,,10,S&P,BECTON DICKINSON & CO,BDX,075887109,0000010795,3841,339112
010332,01,000003,19730331,20110630,S&P 500 Comp-Ltd,LGCAP,I0003,,10,S&P,RS LEGACY CORP,RSHCQ,74979E101,0000096289,5731,443142
006266,01,000003,19730630,,S&P 500 Comp-Ltd,LGCAP,I0003,,10,S&P,JOHNSON & JOHNSON,JNJ,478160104,0000200406,2834,325412
005125,01,000003,19731231,,S&P 500 Comp-Ltd,LGCAP,I0003,,10,S&P,GENUINE PARTS CO,GPC,372460105,0000040987,5013,423120
005606,01,000003,19741231,,S&P 500 Comp-Ltd,LGCAP,I0003,,10,S&P,HP INC,HPQ,40434L105,0000047217,3570,33411
011506,01,000003,19750331,,S&P 500 Comp-Ltd,LGCAP,I0003,,10,S&P,WILLIAMS COS INC,WMB,969457100,0000107263,4922,486210
002044,01,000003,19750630,20180102,S&P 500 Comp-Ltd,LGCAP,I0003,,10,S&P,BARD (C.R.) INC,BCR,067383109,0000009892,3841,339112
004988,01,000003,19751231,20170601,S&P 500 Comp-Ltd,LGCAP,I0003,,10,S&P,TEGNA INC,TGNA,87901J105,0000039899,4833,515120
006078,01,000003,19760331,,S&P 500 Comp-Ltd,LGCAP,I0003,,10,S&P,INTL FLAVORS & FRAGRANCES,IFF,459506101,0000051253,2860,325199
002255,01,000003,19760331,20100314,S&P 500 Comp-Ltd,LGCAP,I0003,,10,S&P,BLACK & DECKER CORP,BDK,091797100,0000012355,3540,333991
001447,01,000003,19760630,,S&P 500 Comp-Ltd,LGCAP,I0003,,10,S&P,AMERICAN EXPRESS CO,AXP,025816109,0000004962,6141,522210
002547,01,000003,19760630,,S&P 500 Comp-Ltd,LGCAP,I0003,,10,S&P,CIGNA CORP,CI,125523100,0001739940,6324,524114
002968,01,000003,19760630,,S&P 500 Comp-Ltd,LGCAP,I0003,,10,S&P,JPMORGAN CHASE & CO,JPM,46625H100,0000019617,6020,522110
003505,01,000003,19760630,,S&P 500 Comp-Ltd,LGCAP,I0003,,10,S&P,MOLSON COORS BREWING CO,TAP,60871R209,0000024545,2082,312120
003980,01,000003,19760630,,S&P 500 Comp-Ltd,LGCAP,I0003,,10,S&P,DISNEY (WALT) CO,DIS,254687106,0001744489,4888,515120
004093,01,000003,19760630,,S&P 500 Comp-Ltd,LGCAP,I0003,,10,S&P,DUKE ENERGY CORP,DUK,26441C204,0001326160,4931,2211
004517,01,000003,19760630,,S&P 500 Comp-Ltd,LGCAP,I0003,,10,S&P,NEXTERA ENERGY INC,NEE,65339F101,0000753308,4911,22111
006742,01,000003,19760630,,S&P 500 Comp-Ltd,LGCAP,I0003,,10,S&P,LINCOLN NATIONAL CORP,LNC,534187109,0000059558,6311,524113
007647,01,000003,19760630,,S&P 500 Comp-Ltd,LGCAP,I0003,,10,S&P,BANK OF AMERICA CORP,BAC,060505104,0000070858,6020,522110
008007,01,000003,19760630,,S&P 500 Comp-Ltd,LGCAP,I0003,,10,S&P,WELLS FARGO & CO,WFC,949746101,0000072971,6020,522110
003024,01,000003,19760630,20160118,S&P 500 Comp-Ltd,LGCAP,I0003,,10,S&P,CHUBB CORP,CB.1,171232101,0000020171,6331,524126
001177,01,000003,19760630,20181202,S&P 500 Comp-Ltd,LGCAP,I0003,,10,S&P,AETNA INC,AET,00817Y108,0001122304,6324,524114
003813,01,000003,19761231,,S&P 500 Comp-Ltd,LGCAP,I0003,,10,S&P,TARGET CORP,TGT,87612E106,0000027419,5331,452319
006008,01,000003,19761231,,S&P 500 Comp-Ltd,LGCAP,I0003,,10,S&P,INTEL CORP,INTC,458140100,0000050863,3674,334413
007772,01,000003,19761231,20110925,S&P 500 Comp-Ltd,LGCAP,I0003,,10,S&P,NATIONAL SEMICONDUCTOR CORP,NSM.2,637640103,0000070530,3674,334413
002154,01,000003,19780930,20141204,S&P 500 Comp-Ltd,LGCAP,I0003,,10,S&P,BEMIS CO INC,BMS,081437105,0000011199,2670,326112
010519,01,000003,19781231,,S&P 500 Comp-Ltd,LGCAP,I0003,,10,S&P,TEXTRON INC,TXT,883203101,0000217346,3721,336411
010405,01,000003,19781231,20150701,S&P 500 Comp-Ltd,LGCAP,I0003,,10,S&P,ALLEGHENY TECHNOLOGIES INC,ATI,01741R102,0001018963,3350,331491
007750,01,000003,19790331,20160417,S&P 500 Comp-Ltd,LGCAP,I0003,,10,S&P,TENET HEALTHCARE CORP,THC,88033G407,0000070318,8062,622110
011060,01,000003,19790630,,S&P 500 Comp-Ltd,LGCAP,I0003,,10,S&P,VF CORP,VFC,918204108,0000103379,2320,315220
011264,01,000003,19791231,,S&P 500 Comp-Ltd,LGCAP,I0003,,10,S&P,WALGREENS BOOTS ALLIANCE INC,WBA,931427108,0001618921,5912,446110
001487,01,000003,19800331,,S&P 500 Comp-Ltd,LGCAP,I0003,,10,S&P,AMERICAN INTERNATIONAL GROUP,AIG,026874784,0000005272,6331,524126
004818,01,000003,19800331,20190603,S&P 500 Comp-Ltd,LGCAP,I0003,,10,S&P,FLUOR CORP,FLR,343412102,0001124198,1600,237990
004598,01,000003,19801231,,S&P 500 Comp-Ltd,LGCAP,I0003,,10,S&P,FEDEX CORP,FDX,31428X106,0001048911,4513,492110
008253,01,000003,19801231,,S&P 500 Comp-Ltd,LGCAP,I0003,,10,S&P,PACCAR INC,PCAR,693718108,0000075362,3711,336120
001891,01,000003,19810331,,S&P 500 Comp-Ltd,LGCAP,I0003,,10,S&P,AUTOMATIC DATA PROCESSING,ADP,053015103,0000008670,7374,518210
005256,01,000003,19810630,,S&P 500 Comp-Ltd,LGCAP,I0003,,10,S&P,GRAINGER (W W) INC,GWW,384802104,0000277135,5000,42
007085,01,000003,19810630,,S&P 500 Comp-Ltd,LGCAP,I0003,,10,S&P,MASCO CORP,MAS,574599106,0000062996,3430,332913
003336,01,000003,19810630,20151130,S&P 500 Comp-Ltd,LGCAP,I0003,,10,S&P,DXC TECHNOLOGY CO,DXC,23355L106,0001688568,7370,541512
001722,01,000003,19810729,,S&P 500 Comp-Ltd,LGCAP,I0003,,10,S&P,ARCHER-DANIELS-MIDLAND CO,ADM,039483102,0000007084,2070,31122
009411,01,000003,19810930,20120628,S&P 500 Comp-Ltd,LGCAP,I0003,,10,S&P,HILLSHIRE BRANDS CO,HSH,432589109,0000023666,2013,311612
007116,01,000003,19820331,20190606,S&P 500 Comp-Ltd,LGCAP,I0003,,10,S&P,MATTEL INC,MAT,577081102,0000063276,3942,339930
011259,01,000003,19820831,,S&P 500 Comp-Ltd,LGCAP,I0003,,10,S&P,WALMART INC,WMT,931142103,0000104169,5331,452319
009778,01,000003,19820930,,S&P 500 Comp-Ltd,LGCAP,I0003,,10,S&P,SNAP-ON INC,SNA,833034101,0000091440,3420,332216
010016,01,000003,19820930,,S&P 500 Comp-Ltd,LGCAP,I0003,,10,S&P,STANLEY BLACK & DECKER INC,SWK,854502101,0000093556,3540,333991
002435,01,000003,19821031,,S&P 500 Comp-Ltd,LGCAP,I0003,,10,S&P,BROWN FORMAN CORP,BF.B,115637209,0000014693,2085,312140
001690,01,000003,19821130,,S&P 500 Comp-Ltd,LGCAP,I0003,,10,S&P,APPLE INC,AAPL,037833100,0000320193,3663,334220
008068,01,000003,19821231,,S&P 500 Comp-Ltd,LGCAP,I0003,,10,S&P,OCCIDENTAL PETROLEUM CORP,OXY,674599105,0000797468,1311,2111
009299,01,000003,19821231,20170618,S&P 500 Comp-Ltd,LGCAP,I0003,,10,S&P,RYDER SYSTEM INC,R,783549108,0000085961,7510,532120
003362,01,000003,19830831,,S&P 500 Comp-Ltd,LGCAP,I0003,,10,S&P,CONAGRA BRANDS INC,CAG,205887102,0000023217,2000,31142
006733,01,000003,19830930,,S&P 500 Comp-Ltd,LGCAP,I0003,,10,S&P,L BRANDS INC,LB,501797104,0000701985,5600,448190
002136,01,000003,19831130,,S&P 500 Comp-Ltd,LGCAP,I0003,,10,S&P,VERIZON COMMUNICATIONS INC,VZ,92343V104,0000732712,4812,517312
009899,01,000003,19831130,,S&P 500 Comp-Ltd,LGCAP,I0003,,10,S&P,AT&T INC,T,00206R102,0000732717,4812,517312
061489,01,000003,19831130,20110331,S&P 500 Comp-Ltd,LGCAP,I0003,,10,S&P,QWEST COMMUNICATION INTL INC,Q.2,749121109,0001037949,4813,517110
006829,01,000003,19840229,,S&P 500 Comp-Ltd,LGCAP,I0003,,10,S&P,LOWE'S COS INC,LOW,548661107,0000060667,5211,444110
008823,01,000003,19840430,,S&P 500 Comp-Ltd,LGCAP,I0003,,10,S&P,PULTEGROUP INC,PHM,745867101,0000822416,1531,236117
001380,01,000003,19840531,,S&P 500 Comp-Ltd,LGCAP,I0003,,10,S&P,HESS CORP,HES,42809H107,0000004447,1311,2111
001161,01,000003,19840630,20130922,S&P 500 Comp-Ltd,LGCAP,I0003,,10,S&P,ADVANCED MICRO DEVICES,AMD,007903107,0000002488,3674,334413
006774,01,000003,19840731,,S&P 500 Comp-Ltd,LGCAP,I0003,,10,S&P,LOCKHEED MARTIN CORP,LMT,539830109,0000936468,3760,336414
004040,01,000003,19840731,20121211,S&P 500 Comp-Ltd,LGCAP,I0003,,10,S&P,DONNELLEY (R R) & SONS CO,RRD,257867200,0000029669,2750,32311
005518,01,000003,19840930,,S&P 500 Comp-Ltd,LGCAP,I0003,,10,S&P,HASBRO INC,HAS,418056107,0000046080,3944,339930
001988,01,000003,19841031,,S&P 500 Comp-Ltd,LGCAP,I0003,,10,S&P,BALL CORP,BLL,058498106,0000009389,3411,332431
007866,01,000003,19841130,20101219,S&P 500 Comp-Ltd,LGCAP,I0003,,10,S&P,NEW YORK TIMES CO  -CL A,NYT,650111107,0000071691,2711,511110
010190,01,000003,19850131,20120430,S&P 500 Comp-Ltd,LGCAP,I0003,,10,S&P,SUPERVALU INC,SVU,868536301,0000095521,5141,424410
009258,01,000003,19850131,20140818,S&P 500 Comp-Ltd,LGCAP,I0003,,10,S&P,ROWAN COMPANIES PLC,RDC,G7665A101,0000085408,1381,213111
001209,01,000003,19850430,,S&P 500 Comp-Ltd,LGCAP,I0003,,10,S&P,AIR PRODUCTS & CHEMICALS INC,APD,009158106,0000002969,2810,325120
008030,01,000003,19850430,,S&P 500 Comp-Ltd,LGCAP,I0003,,10,S&P,NUCOR CORP,NUE,670346105,0000073309,3312,331110
004145,01,000003,19850531,,S&P 500 Comp-Ltd,LGCAP,I0003,,10,S&P,PERKINELMER INC,PKI,714046109,0000031791,3826,334516
007985,01,000003,19850630,,S&P 500 Comp-Ltd,LGCAP,I0003,,10,S&P,NORTHROP GRUMMAN CORP,NOC,666807102,0001133421,3812,334511
005742,01,000003,19850731,,S&P 500 Comp-Ltd,LGCAP,I0003,,10,S&P,CENTERPOINT ENERGY INC,CNP,15189T107,0001130310,4931,22111
011672,01,000003,19850930,,S&P 500 Comp-Ltd,LGCAP,I0003,,10,S&P,TJX COS INC (THE),TJX,872540109,0000109198,5651,448140
004058,01,000003,19851031,,S&P 500 Comp-Ltd,LGCAP,I0003,,10,S&P,DOVER CORP,DOV,260003108,0000029905,3585,333415
008358,01,000003,19851130,,S&P 500 Comp-Ltd,LGCAP,I0003,,10,S&P,PARKER-HANNIFIN CORP,PH,701094104,0000076334,3490,332912
005878,01,000003,19860228,,S&P 500 Comp-Ltd,LGCAP,I0003,,10,S&P,ILLINOIS TOOL WORKS,ITW,452308109,0000049826,3560,33399
006268,01,000003,19860531,,S&P 500 Comp-Ltd,LGCAP,I0003,,10,S&P,JOHNSON CONTROLS INTL PLC,JCI,G51502105,0000833444,3585,333415
004990,01,000003,19860831,,S&P 500 Comp-Ltd,LGCAP,I0003,,10,S&P,GAP INC,GPS,364760108,0000039911,5651,448140
007922,01,000003,19860831,,S&P 500 Comp-Ltd,LGCAP,I0003,,10,S&P,NORDSTROM INC,JWN,655664100,0000072333,5651,448140
007228,01,000003,19861031,,S&P 500 Comp-Ltd,LGCAP,I0003,,10,S&P,MEDTRONIC PLC,MDT,G5960L103,0001613103,3845,334510
002269,01,000003,19861130,,S&P 500 Comp-Ltd,LGCAP,I0003,,10,S&P,BLOCK H & R INC,HRB,093671105,0000012659,7200,541213
010247,01,000003,19861231,,S&P 500 Comp-Ltd,LGCAP,I0003,,10,S&P,SYSCO CORP,SYY,871829107,0000096021,5140,4244
003310,01,000003,19870731,20181105,S&P 500 Comp-Ltd,LGCAP,I0003,,10,S&P,CA INC,CA,12673P105,0000356028,7372,511210
007065,01,000003,19870831,,S&P 500 Comp-Ltd,LGCAP,I0003,,10,S&P,MARSH & MCLENNAN COS,MMC,571748102,0000062709,6411,524210
001913,01,000003,19871231,,S&P 500 Comp-Ltd,LGCAP,I0003,,10,S&P,AVERY DENNISON CORP,AVY,053611109,0000008818,2670,322220
008304,01,000003,19871231,20150830,S&P 500 Comp-Ltd,LGCAP,I0003,,10,S&P,PALL CORP,PLL.1,696429307,0000075829,3569,333999
005680,01,000003,19880331,,S&P 500 Comp-Ltd,LGCAP,I0003,,10,S&P,HOME DEPOT INC,HD,437076102,0000354950,5211,444110
008245,01,000003,19880430,,S&P 500 Comp-Ltd,LGCAP,I0003,,10,S&P,PNC FINANCIAL SVCS GROUP INC,PNC,693475105,0000713676,6020,522110
003243,01,000003,19880531,,S&P 500 Comp-Ltd,LGCAP,I0003,,10,S&P,CITIGROUP INC,C,172967424,0000831001,6199,522110
010187,01,000003,19880531,,S&P 500 Comp-Ltd,LGCAP,I0003,,10,S&P,SUNTRUST BANKS INC,STI,867914103,0000750556,6020,522110
007409,01,000003,19880731,20100714,S&P 500 Comp-Ltd,LGCAP,I0003,,10,S&P,MILLIPORE CORP,MIL.2,601073109,0000066479,3826,334516
007906,01,000003,19881130,,S&P 500 Comp-Ltd,LGCAP,I0003,,10,S&P,NIKE INC  -CL B,NKE,654106103,0000320187,3021,316210
004213,01,000003,19890131,,S&P 500 Comp-Ltd,LGCAP,I0003,,10,S&P,ECOLAB INC,ECL,278865100,0000031462,2842,325612
007875,01,000003,19890430,,S&P 500 Comp-Ltd,LGCAP,I0003,,10,S&P,NEWELL BRANDS INC,NWL,651229106,0000814453,3990,3399
010614,01,000003,19890430,20190808,S&P 500 Comp-Ltd,LGCAP,I0003,,10,S&P,GLOBE LIFE INC,GL,37959E102,0000320335,6311,524113
010984,01,000003,19890731,20130708,S&P 500 Comp-Ltd,LGCAP,I0003,,10,S&P,SPRINT CORP,S,852061100,0000101830,4812,517312
012142,01,000003,19890831,,S&P 500 Comp-Ltd,LGCAP,I0003,,10,S&P,ORACLE CORP,ORCL,68389X105,0001341439,7370,519130
007904,01,000003,19890831,20111212,S&P 500 Comp-Ltd,LGCAP,I0003,,10,S&P,NICOR INC,GAS.2,654086107,0000072020,4924,221210
002783,01,000003,19890831,20120701,S&P 500 Comp-Ltd,LGCAP,I0003,,10,S&P,PROGRESS ENERGY INC,DUK8,743263105,0001094093,4911,2211
009372,01,000003,19891130,20170104,S&P 500 Comp-Ltd,LGCAP,I0003,,10,S&P,ST JUDE MEDICAL INC,STJ,790849103,0000203077,3845,334510
001878,01,000003,19891201,,S&P 500 Comp-Ltd,LGCAP,I0003,,10,S&P,AUTODESK INC,ADSK,052769106,0000769397,7370,519130
007017,01,000003,19910501,,S&P 500 Comp-Ltd,LGCAP,I0003,,10,S&P,MARATHON OIL CORP,MRO,565849106,0000101778,1311,2111
023978,01,000003,19910501,20140701,S&P 500 Comp-Ltd,LGCAP,I0003,,10,S&P,UNITED STATES STEEL CORP,X,912909108,0001163302,3312,331110
010860,01,000003,19910919,,S&P 500 Comp-Ltd,LGCAP,I0003,,10,S&P,AMEREN CORP,AEE,023608102,0001002910,4931,2211
011910,01,000003,19911001,20110427,S&P 500 Comp-Ltd,LGCAP,I0003,,10,S&P,NOVELL INC,NOVL,670006105,0000758004,7370,541519
001602,01,000003,19920102,,S&P 500 Comp-Ltd,LGCAP,I0003,,10,S&P,AMGEN INC,AMGN,031162100,0000318154,2836,325414
015708,01,000003,19920207,20150322,S&P 500 Comp-Ltd,LGCAP,I0003,,10,S&P,ALLERGAN INC,AGN.2,018490102,0000850693,2834,325412
025124,01,000003,19920701,,S&P 500 Comp-Ltd,LGCAP,I0003,,10,S&P,LINDE PLC,LIN,G5494J103,0001707925,2810,325120
012136,01,000003,19920801,20100128,S&P 500 Comp-Ltd,LGCAP,I0003,,10,S&P,SUN MICROSYSTEMS INC,JAVA,866810203,0000709519,3571,334111
006136,01,000003,19921001,,S&P 500 Comp-Ltd,LGCAP,I0003,,10,S&P,INTERPUBLIC GROUP OF COS,IPG,460690100,0000051644,7311,541810
029028,01,000003,19931001,,S&P 500 Comp-Ltd,LGCAP,I0003,,10,S&P,COSTCO WHOLESALE CORP,COST,22160K105,0000909832,5399,452311
020779,01,000003,19931201,,S&P 500 Comp-Ltd,LGCAP,I0003,,10,S&P,CISCO SYSTEMS INC,CSCO,17275R102,0000858877,3576,334210
029392,01,000003,19940101,,S&P 500 Comp-Ltd,LGCAP,I0003,,10,S&P,EASTMAN CHEMICAL CO,EMN,277432100,0000915389,2821,325211
009783,01,000003,19940301,,S&P 500 Comp-Ltd,LGCAP,I0003,,10,S&P,KEYCORP,KEY,493267108,0000091576,6020,522110
012726,01,000003,19940301,,S&P 500 Comp-Ltd,LGCAP,I0003,,10,S&P,UNUM GROUP,UNM,91529Y106,0000005513,6321,524114
012141,01,000003,19940601,,S&P 500 Comp-Ltd,LGCAP,I0003,,10,S&P,MICROSOFT CORP,MSFT,594918104,0000789019,7372,511210
009882,01,000003,19940701,,S&P 500 Comp-Ltd,LGCAP,I0003,,10,S&P,SOUTHWEST AIRLINES,LUV,844741108,0000092380,4512,481111
010903,01,000003,19940701,,S&P 500 Comp-Ltd,LGCAP,I0003,,10,S&P,UNITEDHEALTH GROUP INC,UNH,91324P102,0000731766,6324,524114
013714,03,000003,19940901,,S&P 500 Comp-Ltd,LGCAP,I0003,,10,S&P,CBS CORP,CBS,124857202,0000813828,4888,515120
009699,01,000003,19940901,20151118,S&P 500 Comp-Ltd,LGCAP,I0003,,10,S&P,SIGMA-ALDRICH CORP,SIAL,826552101,0000090185,2833,325411
007343,01,000003,19940927,,S&P 500 Comp-Ltd,LGCAP,I0003,,10,S&P,MICRON TECHNOLOGY INC,MU,595112103,0000723125,3674,334413
025279,01,000003,19950224,,S&P 500 Comp-Ltd,LGCAP,I0003,,10,S&P,BOSTON SCIENTIFIC CORP,BSX,101137107,0000885725,3845,334510
001704,01,000003,19950316,,S&P 500 Comp-Ltd,LGCAP,I0003,,10,S&P,APPLIED MATERIALS INC,AMAT,038222105,0000006951,3559,333242
002019,01,000003,19950331,,S&P 500 Comp-Ltd,LGCAP,I0003,,10,S&P,BANK OF NEW YORK MELLON CORP,BK,064058100,0001390777,6020,522110
006781,01,000003,19950510,,S&P 500 Comp-Ltd,LGCAP,I0003,,10,S&P,LOEWS CORP,L,540424108,0000060086,6331,524126
031846,01,000003,19950530,,S&P 500 Comp-Ltd,LGCAP,I0003,,10,S&P,DARDEN RESTAURANTS INC,DRI,237194105,0000940944,5812,722511
010420,01,000003,19950703,20111220,S&P 500 Comp-Ltd,LGCAP,I0003,,10,S&P,TELLABS INC,TLAB,879664100,0000317771,3661,334210
028349,01,000003,19950713,,S&P 500 Comp-Ltd,LGCAP,I0003,,10,S&P,ALLSTATE CORP,ALL,020002101,0000899051,6331,524126
014590,02,000003,19950731,,S&P 500 Comp-Ltd,LGCAP,I0003,,10,S&P,FREEPORT-MCMORAN INC,FCX,35671D857,0000831259,1000,212230
012124,01,000003,19950922,,S&P 500 Comp-Ltd,LGCAP,I0003,,10,S&P,MORGAN STANLEY,MS,617446448,0000895421,6211,523110
004611,02,000003,19951108,,S&P 500 Comp-Ltd,LGCAP,I0003,,10,S&P,MACY'S INC,M,55616P104,0000794367,5311,452210
008455,01,000003,19951127,,S&P 500 Comp-Ltd,LGCAP,I0003,,10,S&P,PPL CORP,PPL,69351T106,0000922224,4911,2211
003231,01,000003,19951201,,S&P 500 Comp-Ltd,LGCAP,I0003,,10,S&P,COMERICA INC,CMA,200340107,0000028412,6020,522110
027914,01,000003,19951201,,S&P 500 Comp-Ltd,LGCAP,I0003,,10,S&P,HUMANA INC,HUM,444859102,0000049071,6324,621491
006529,01,000003,19951214,20140507,S&P 500 Comp-Ltd,LGCAP,I0003,,10,S&P,LSI CORP,LSI.1,502161102,0000703360,3674,334413
061739,01,000003,19951220,,S&P 500 Comp-Ltd,LGCAP,I0003,,10,S&P,HARTFORD FINANCIAL SERVICES,HIG,416515104,0000874766,6331,524126
004640,01,000003,19960308,,S&P 500 Comp-Ltd,LGCAP,I0003,,10,S&P,FIFTH THIRD BANCORP,FITB,316773100,0000035527,6020,522110
012053,01,000003,19960328,20160907,S&P 500 Comp-Ltd,LGCAP,I0003,,10,S&P,EMC CORP/MA,EMC,268648102,0000790070,3572,334112
003221,01,000003,19960423,,S&P 500 Comp-Ltd,LGCAP,I0003,,10,S&P,AON PLC,AON,G0408V102,0000315293,6411,524210
014489,01,000003,19960906,20131028,S&P 500 Comp-Ltd,LGCAP,I0003,,10,S&P,DELL TECHNOLOGIES INC,DELL,24702R101,0001571996,3571,334111
063800,01,000003,19961104,20100228,S&P 500 Comp-Ltd,LGCAP,I0003,,10,S&P,IMS HEALTH HOLDINGS INC,IMS,449934108,0001595262,8700,541910
010530,01,000003,19970102,,S&P 500 Comp-Ltd,LGCAP,I0003,,10,S&P,THERMO FISHER SCIENTIFIC INC,TMO,883556102,0000097745,3826,334516
023809,01,000003,19970102,,S&P 500 Comp-Ltd,LGCAP,I0003,,10,S&P,AUTOZONE INC,AZO,053332102,0000866787,5531,441310
012540,01,000003,19970506,,S&P 500 Comp-Ltd,LGCAP,I0003,,10,S&P,ADOBE INC,ADBE,00724F101,0000796343,7372,511210
002751,01,000003,19970527,,S&P 500 Comp-Ltd,LGCAP,I0003,,10,S&P,CARDINAL HEALTH INC,CAH,14149Y108,0000721371,5122,424210
013988,01,000003,19970602,,S&P 500 Comp-Ltd,LGCAP,I0003,,10,S&P,SCHWAB (CHARLES) CORP,SCHW,808513105,0000316709,6282,523920
004423,01,000003,19970619,,S&P 500 Comp-Ltd,LGCAP,I0003,,10,S&P,EQUIFAX INC,EFX,294429105,0000033185,7323,561450
001678,01,000003,19970728,,S&P 500 Comp-Ltd,LGCAP,I0003,,10,S&P,APACHE CORP,APA,037411105,0000006769,1311,2111
011923,01,000003,19970728,20190808,S&P 500 Comp-Ltd,LGCAP,I0003,,10,S&P,ANADARKO PETROLEUM CORP,APC,032511107,0000773910,1311,2111
013341,01,000003,19970804,,S&P 500 Comp-Ltd,LGCAP,I0003,,10,S&P,PROGRESSIVE CORP-OHIO,PGR,743315103,0000080661,6331,524126
005786,01,000003,19970806,,S&P 500 Comp-Ltd,LGCAP,I0003,,10,S&P,HUNTINGTON BANCSHARES,HBAN,446150104,0000049196,6020,522110
010035,01,000003,19970818,,S&P 500 Comp-Ltd,LGCAP,I0003,,10,S&P,STATE STREET CORP,STT,857477103,0000093751,6020,523920
006304,01,000003,19970915,,S&P 500 Comp-Ltd,LGCAP,I0003,,10,S&P,KLA CORP,KLAC,482480100,0000319201,3827,333314
065417,01,000003,19971007,,S&P 500 Comp-Ltd,LGCAP,I0003,,10,S&P,YUM BRANDS INC,YUM,988498101,0001041061,5812,722513
011856,01,000003,19971204,,S&P 500 Comp-Ltd,LGCAP,I0003,,10,S&P,BB&T CORP,BBT,054937107,0000092230,6020,522110
014824,01,000003,19971218,,S&P 500 Comp-Ltd,LGCAP,I0003,,10,S&P,CINCINNATI FINANCIAL CORP,CINF,172062101,0000020286,6331,524126
004066,01,000003,19971224,,S&P 500 Comp-Ltd,LGCAP,I0003,,10,S&P,OMNICOM GROUP,OMC,681919106,0000029989,7311,541810
012123,01,000003,19980120,20130213,S&P 500 Comp-Ltd,LGCAP,I0003,,10,S&P,BIG LOTS INC,BIG,089302103,0000768835,5331,452319
007982,01,000003,19980130,,S&P 500 Comp-Ltd,LGCAP,I0003,,10,S&P,NORTHERN TRUST CORP,NTRS,665859104,0000073124,6020,522110
009555,01,000003,19980401,,S&P 500 Comp-Ltd,LGCAP,I0003,,10,S&P,SEALED AIR CORP,SEE,81211K100,0001012100,3081,326113
004885,01,000003,19980429,,S&P 500 Comp-Ltd,LGCAP,I0003,,10,S&P,FRANKLIN RESOURCES INC,BEN,354613101,0000038777,6282,523920
028930,02,000003,19980521,,S&P 500 Comp-Ltd,LGCAP,I0003,,10,S&P,MARRIOTT INTL INC,MAR,571903202,0001048286,7011,721110
030990,01,000003,19980701,,S&P 500 Comp-Ltd,LGCAP,I0003,,10,S&P,CAPITAL ONE FINANCIAL CORP,COF,14040H105,0000927628,6141,522210
010121,04,000003,19980701,20180604,S&P 500 Comp-Ltd,LGCAP,I0003,,10,S&P,NAVIENT CORP,NAVI,63938C108,0001593538,6111,522298
014477,01,000003,19980717,,S&P 500 Comp-Ltd,LGCAP,I0003,,10,S&P,WASTE MANAGEMENT INC,WM,94106L109,0000823768,4953,562111
025283,01,000003,19980814,,S&P 500 Comp-Ltd,LGCAP,I0003,,10,S&P,KOHL'S CORP,KSS,500255104,0000885639,5311,452210
004674,01,000003,19980828,,S&P 500 Comp-Ltd,LGCAP,I0003,,10,S&P,REGIONS FINANCIAL CORP,RF,7591EP100,0001281761,6020,522110
008402,01,000003,19981001,,S&P 500 Comp-Ltd,LGCAP,I0003,,10,S&P,PAYCHEX INC,PAYX,704326107,0000723531,8721,541214
014650,01,000003,19981001,20130910,S&P 500 Comp-Ltd,LGCAP,I0003,,10,S&P,BMC SOFTWARE INC,BMC,055921100,0000835729,7372,511210
024216,01,000003,19981002,,S&P 500 Comp-Ltd,LGCAP,I0003,,10,S&P,AES CORP (THE),AES,00130H105,0000874761,4991,22111
015521,01,000003,19981007,20170917,S&P 500 Comp-Ltd,LGCAP,I0003,,10,S&P,STAPLES INC,SPLS,855030102,0000791519,5110,424120
012756,01,000003,19981008,20160530,S&P 500 Comp-Ltd,LGCAP,I0003,,10,S&P,COCA-COLA EUROPEAN PARTNERS,CCEP,G25839104,0001650107,2086,312111
009359,01,000003,19981113,20150126,S&P 500 Comp-Ltd,LGCAP,I0003,,10,S&P,SAFEWAY INC,SWY,786514208,0000086144,5411,445110
003735,01,000003,19981118,,S&P 500 Comp-Ltd,LGCAP,I0003,,10,S&P,DANAHER CORP,DHR,235851102,0000313616,3826,334516
013498,01,000003,19981222,,S&P 500 Comp-Ltd,LGCAP,I0003,,10,S&P,CARNIVAL CORP/PLC (USA),CCL,143658300,0000815097,4400,483112
004723,01,000003,19990104,,S&P 500 Comp-Ltd,LGCAP,I0003,,10,S&P,U S BANCORP,USB,902973304,0000036104,6020,522110
026011,01,000003,19990104,20120102,S&P 500 Comp-Ltd,LGCAP,I0003,,10,S&P,COMPUWARE CORP,CPWR.1,205638109,0000859014,7372,511210
025056,01,000003,19990104,20180619,S&P 500 Comp-Ltd,LGCAP,I0003,,10,S&P,TIME WARNER INC,TWX,887317303,0001105705,4888,512110
007171,01,000003,19990113,,S&P 500 Comp-Ltd,LGCAP,I0003,,10,S&P,MCKESSON CORP,MCK,58155Q103,0000927653,5122,424210
002884,01,000003,19990325,,S&P 500 Comp-Ltd,LGCAP,I0003,,10,S&P,CENTURYLINK INC,CTL,156700106,0000018926,4813,517311
027845,01,000003,19990412,,S&P 500 Comp-Ltd,LGCAP,I0003,,10,S&P,ALLERGAN PLC,AGN,G0177J108,0001578845,2834,325412
003439,01,000003,19990503,,S&P 500 Comp-Ltd,LGCAP,I0003,,10,S&P,CMS ENERGY CORP,CMS,125896100,0000811156,4931,22111
001449,01,000003,19990528,,S&P 500 Comp-Ltd,LGCAP,I0003,,10,S&P,AFLAC INC,AFL,001055102,0000004977,6321,524114
014624,01,000003,19990624,20101219,S&P 500 Comp-Ltd,LGCAP,I0003,,10,S&P,OFFICE DEPOT INC,ODP,676220106,0000800240,5940,453210
061591,01,000003,19990625,,S&P 500 Comp-Ltd,LGCAP,I0003,,10,S&P,NETAPP INC,NTAP,64110D104,0001002047,3572,334112
002184,01,000003,19990630,,S&P 500 Comp-Ltd,LGCAP,I0003,,10,S&P,BEST BUY CO INC,BBY,086516101,0000764478,5731,443142
011228,01,000003,19990701,,S&P 500 Comp-Ltd,LGCAP,I0003,,10,S&P,VULCAN MATERIALS CO,VMC,929160109,0001396009,1400,212319
024800,01,000003,19990722,,S&P 500 Comp-Ltd,LGCAP,I0003,,10,S&P,QUALCOMM INC,QCOM,747525103,0000804328,3674,334413
061552,01,000003,19990813,20120930,S&P 500 Comp-Ltd,LGCAP,I0003,,10,S&P,LEXMARK INTL INC  -CL A,LXK,529771107,0001001288,3577,334118
025338,01,000003,19991001,20170725,S&P 500 Comp-Ltd,LGCAP,I0003,,10,S&P,BED BATH & BEYOND INC,BBBY,075896100,0000886158,5700,442299
001075,01,000003,19991004,,S&P 500 Comp-Ltd,LGCAP,I0003,,10,S&P,PINNACLE WEST CAPITAL CORP,PNW,723484101,0000764622,4911,2211
001632,01,000003,19991012,,S&P 500 Comp-Ltd,LGCAP,I0003,,10,S&P,ANALOG DEVICES,ADI,032654105,0000006281,3674,334413
012138,01,000003,19991013,,S&P 500 Comp-Ltd,LGCAP,I0003,,10,S&P,PRICE (T. ROWE) GROUP,TROW,74144T108,0001113169,6282,523930
006649,01,000003,19991018,,S&P 500 Comp-Ltd,LGCAP,I0003,,10,S&P,LEGGETT & PLATT INC,LEG,524660107,0000058492,2510,337910
004242,01,000003,19991026,20120524,S&P 500 Comp-Ltd,LGCAP,I0003,,10,S&P,EL PASO CORP,EP,28336L109,0001066107,4922,486210
125533,01,000003,19991105,20101116,S&P 500 Comp-Ltd,LGCAP,I0003,,10,S&P,PACTIV CORP,PTV,695257105,0001089976,3089,326199
022325,01,000003,19991108,,S&P 500 Comp-Ltd,LGCAP,I0003,,10,S&P,XILINX INC,XLNX,983919101,0000743988,3674,334413
010453,01,000003,19991115,20131222,S&P 500 Comp-Ltd,LGCAP,I0003,,10,S&P,TERADYNE INC,TER,880770102,0000097210,3825,334515
061676,01,000003,19991201,,S&P 500 Comp-Ltd,LGCAP,I0003,,10,S&P,CITRIX SYSTEMS INC,CTXS,177376100,0000877890,7372,511210
007506,01,000003,19991201,20131209,S&P 500 Comp-Ltd,LGCAP,I0003,,10,S&P,MOLEX INC,MOLX,608554101,0000067472,3678,334417
062634,01,000003,19991208,20170618,S&P 500 Comp-Ltd,LGCAP,I0003,,10,S&P,ALTABA INC,AABA,021346101,0001011006,7370,519130
012389,01,000003,20000131,,S&P 500 Comp-Ltd,LGCAP,I0003,,10,S&P,HARLEY-DAVIDSON INC,HOG,412822108,0000793952,3751,336991
012216,01,000003,20000403,20170312,S&P 500 Comp-Ltd,LGCAP,I0003,,10,S&P,LINEAR TECHNOLOGY CORP,LLTC,535678106,0000791907,3674,334413
014324,01,000003,20000418,20151228,S&P 500 Comp-Ltd,LGCAP,I0003,,10,S&P,ALTERA CORP,ALTR.1,021441100,0000768251,3674,334413
126554,01,000003,20000605,,S&P 500 Comp-Ltd,LGCAP,I0003,,10,S&P,AGILENT TECHNOLOGIES INC,A,00846U101,0001090872,3826,334516
025434,01,000003,20000608,,S&P 500 Comp-Ltd,LGCAP,I0003,,10,S&P,STARBUCKS CORP,SBUX,855244109,0000829224,5812,722513
014623,01,000003,20000619,20120604,S&P 500 Comp-Ltd,LGCAP,I0003,,10,S&P,NOVELLUS SYSTEMS INC,NVLS.1,670008101,0000836106,3559,333295
013646,01,000003,20000621,,S&P 500 Comp-Ltd,LGCAP,I0003,,10,S&P,TIFFANY & CO,TIF,886547108,0000098246,5944,448310
066708,01,000003,20000703,20160131,S&P 500 Comp-Ltd,LGCAP,I0003,,10,S&P,BROADCOM CORP,BRCM,111320107,0001054374,3674,334413
137232,01,000003,20000713,20111122,S&P 500 Comp-Ltd,LGCAP,I0003,,10,S&P,JANUS CAPITAL GROUP INC,JNS,47102X105,,6282,523920
029241,01,000003,20000727,20131222,S&P 500 Comp-Ltd,LGCAP,I0003,,10,S&P,VIAVI SOLUTIONS INC,VIAV,925550105,0000912093,3576,334210
014934,01,000003,20000830,,S&P 500 Comp-Ltd,LGCAP,I0003,,10,S&P,DEVON ENERGY CORP,DVN,25179M103,0001090012,1311,2111
139665,01,000003,20001003,,S&P 500 Comp-Ltd,LGCAP,I0003,,10,S&P,MOODY'S CORP,MCO,615369105,0001059556,7323,561450
112033,01,000003,20001003,20101219,S&P 500 Comp-Ltd,LGCAP,I0003,,10,S&P,KING PHARMACEUTICALS INC,KG,495582108,0001047699,2834,325412
001661,01,000003,20001018,20150322,S&P 500 Comp-Ltd,LGCAP,I0003,,10,S&P,NABORS INDUSTRIES LTD,NBR,G6359F103,0001163739,1381,213111
007974,01,000003,20001102,,S&P 500 Comp-Ltd,LGCAP,I0003,,10,S&P,NISOURCE INC,NI,65473P105,0001111711,4932,221210
016478,01,000003,20001102,,S&P 500 Comp-Ltd,LGCAP,I0003,,10,S&P,EOG RESOURCES INC,EOG,26875P101,0000821189,1311,2111
005723,01,000003,20001117,20160922,S&P 500 Comp-Ltd,LGCAP,I0003,,10,S&P,STARWOOD HOTELS&RESORTS WRLD,HOT,85590A401,0000316206,7011,721110
004843,01,000003,20001122,20140630,S&P 500 Comp-Ltd,LGCAP,I0003,,10,S&P,FOREST LABORATORIES  -CL A,FRX,345838106,0000038074,2834,325412
002312,01,000003,20001205,,S&P 500 Comp-Ltd,LGCAP,I0003,,10,S&P,ROBERT HALF INTL INC,RHI,770323103,0000315213,7363,561320
027928,01,000003,20001211,,S&P 500 Comp-Ltd,LGCAP,I0003,,10,S&P,INTUIT INC,INTU,461202103,0000896878,7372,511210
133768,01,000003,20001211,,S&P 500 Comp-Ltd,LGCAP,I0003,,10,S&P,METLIFE INC,MET,59156R108,0001099219,6311,524113
001279,01,000003,20001211,20110227,S&P 500 Comp-Ltd,LGCAP,I0003,,10,S&P,ALLEGHENY ENERGY INC,AYE,017361106,0000003673,4911,2211
010115,01,000003,20001212,,S&P 500 Comp-Ltd,LGCAP,I0003,,10,S&P,STRYKER CORP,SYK,863667101,0000310764,3842,339113
029791,01,000003,20001212,20110117,S&P 500 Comp-Ltd,LGCAP,I0003,,10,S&P,QLOGIC CORP,QLGC,747277101,0000918386,3570,334118
028195,01,000003,20010130,20141104,S&P 500 Comp-Ltd,LGCAP,I0003,,10,S&P,JABIL INC,JBL,466313103,0000898293,3672,334412
135484,01,000003,20010227,20170319,S&P 500 Comp-Ltd,LGCAP,I0003,,10,S&P,FRONTIER COMMUNICATIONS CORP,FTR,35906A306,0000020520,4813,517311
003062,01,000003,20010301,,S&P 500 Comp-Ltd,LGCAP,I0003,,10,S&P,CINTAS CORP,CTAS,172908105,0000723254,7200,812331
012635,01,000003,20010402,,S&P 500 Comp-Ltd,LGCAP,I0003,,10,S&P,FISERV INC,FISV,337738108,0000798354,7374,518210
119417,01,000003,20010514,20100228,S&P 500 Comp-Ltd,LGCAP,I0003,,10,S&P,PEPSI BOTTLING GROUP INC,PBG,713409100,0001076405,2086,31211
064156,01,000003,20010604,20111218,S&P 500 Comp-Ltd,LGCAP,I0003,,10,S&P,MONSTER WORLDWIDE INC,MWW,611742107,0001020416,7370,519130
011687,01,000003,20010625,,S&P 500 Comp-Ltd,LGCAP,I0003,,10,S&P,ZIONS BANCORPORATION NA,ZION,989701107,0000109380,6020,522110
144066,01,000003,20010702,20181202,S&P 500 Comp-Ltd,LGCAP,I0003,,10,S&P,ROCKWELL COLLINS,COL,774341101,0001137411,3728,336413
004560,01,000003,20010806,20150708,S&P 500 Comp-Ltd,LGCAP,I0003,,10,S&P,FAMILY DOLLAR STORES,FDO,307000109,0000034408,5331,452990
144559,01,000003,20010807,,S&P 500 Comp-Ltd,LGCAP,I0003,,10,S&P,ZIMMER BIOMET HOLDINGS INC,ZBH,98956P102,0001136869,3842,339113
031673,01,000003,20010830,,S&P 500 Comp-Ltd,LGCAP,I0003,,10,S&P,AMERISOURCEBERGEN CORP,ABC,03073E105,0001140859,5122,424210
006097,01,000003,20010904,20140622,S&P 500 Comp-Ltd,LGCAP,I0003,,10,S&P,INTL GAME TECHNOLOGY,IGT.1,459902102,0000353944,7990,713210
024318,01,000003,20010904,20180916,S&P 500 Comp-Ltd,LGCAP,I0003,,10,S&P,XL GROUP LTD,XL,G98294104,0000875159,6351,524126
010277,01,000003,20011010,20160630,S&P 500 Comp-Ltd,LGCAP,I0003,,10,S&P,TECO ENERGY INC,TE,872375100,0000350563,4931,221112
117768,01,000003,20011130,,S&P 500 Comp-Ltd,LGCAP,I0003,,10,S&P,NVIDIA CORP,NVDA,67066G104,0001045810,3674,334413
028733,01,000003,20011203,,S&P 500 Comp-Ltd,LGCAP,I0003,,10,S&P,EQUITY RESIDENTIAL,EQR,29476L107,0000906107,6798,531110
012233,01,000003,20011214,20110403,S&P 500 Comp-Ltd,LGCAP,I0003,,10,S&P,GENZYME CORP,GENZ,372917104,0000732485,2836,325414
061574,01,000003,20020102,,S&P 500 Comp-Ltd,LGCAP,I0003,,10,S&P,WATERS CORP,WAT,941848103,0001000697,3826,334516
015709,01,000003,20020117,20160221,S&P 500 Comp-Ltd,LGCAP,I0003,,10,S&P,PLUM CREEK TIMBER CO INC,PCL,729251108,0000849213,2400,113310
007067,01,000003,20020211,20110705,S&P 500 Comp-Ltd,LGCAP,I0003,,10,S&P,MARSHALL & ILSLEY CORP,MI.1,571837103,0001399315,6020,522110
004737,01,000003,20020506,20130623,S&P 500 Comp-Ltd,LGCAP,I0003,,10,S&P,FIRST HORIZON NATIONAL CORP,FHN,320517105,0000036966,6020,522110
022794,01,000003,20020515,20100429,S&P 500 Comp-Ltd,LGCAP,I0003,,10,S&P,BJ SERVICES CO,BJS.1,055482103,0000864328,1389,213112
031122,01,000003,20020515,20130630,S&P 500 Comp-Ltd,LGCAP,I0003,,10,S&P,APOLLO EDUCATION GROUP INC,APOL,037604105,0000929887,8200,611310
029389,01,000003,20020626,,S&P 500 Comp-Ltd,LGCAP,I0003,,10,S&P,SIMON PROPERTY GROUP INC,SPG,828806109,0001063761,6798,531120
010920,01,000003,20020722,,S&P 500 Comp-Ltd,LGCAP,I0003,,10,S&P,UNITED PARCEL SERVICE INC,UPS,911312106,0001090727,4210,492110
016721,01,000003,20020722,,S&P 500 Comp-Ltd,LGCAP,I0003,,10,S&P,ELECTRONIC ARTS INC,EA,285512109,0000712515,7372,511210
114524,01,000003,20020722,,S&P 500 Comp-Ltd,LGCAP,I0003,,10,S&P,EBAY INC,EBAY,278642103,0001065088,7370,519130
114628,01,000003,20020722,,S&P 500 Comp-Ltd,LGCAP,I0003,,10,S&P,GOLDMAN SACHS GROUP INC,GS,38141G104,0000886982,6211,523110
143356,01,000003,20020722,,S&P 500 Comp-Ltd,LGCAP,I0003,,10,S&P,PRUDENTIAL FINANCIAL INC,PRU,744320102,0001137774,6311,524113
145701,01,000003,20020722,,S&P 500 Comp-Ltd,LGCAP,I0003,,10,S&P,PRINCIPAL FINANCIAL GRP INC,PFG,74251V102,0001126328,6282,523920
145046,01,000003,20020725,,S&P 500 Comp-Ltd,LGCAP,I0003,,10,S&P,ANTHEM INC,ANTM,036752103,0001156039,6324,524114
140760,01,000003,20020814,20180606,S&P 500 Comp-Ltd,LGCAP,I0003,,10,S&P,MONSANTO CO,MON,61166W101,0001110783,0100,111
062689,05,000003,20020821,,S&P 500 Comp-Ltd,LGCAP,I0003,,10,S&P,TRAVELERS COS INC,TRV,89417E109,0000086312,6331,524126
120877,01,000003,20020904,20170725,S&P 500 Comp-Ltd,LGCAP,I0003,,10,S&P,REYNOLDS AMERICAN INC,RAI,761713106,0001275283,2111,312230
003226,01,000003,20021119,,S&P 500 Comp-Ltd,LGCAP,I0003,,10,S&P,COMCAST CORP,CMCSA,20030N101,0001166691,4841,515210
064166,01,000003,20021212,,S&P 500 Comp-Ltd,LGCAP,I0003,,10,S&P,QUEST DIAGNOSTICS INC,DGX,74834L100,0001022079,8071,621511
009063,01,000003,20030224,20170807,S&P 500 Comp-Ltd,LGCAP,I0003,,10,S&P,AUTONATION INC,AN,05329W102,0000350698,5500,441110
030490,01,000003,20030314,,S&P 500 Comp-Ltd,LGCAP,I0003,,10,S&P,APARTMENT INVST & MGMT CO,AIV,03748R754,0000922864,6798,531110
007146,01,000003,20030321,,S&P 500 Comp-Ltd,LGCAP,I0003,,10,S&P,MCCORMICK & CO INC,MKC,579780206,0000063754,2090,311942
015855,01,000003,20030331,,S&P 500 Comp-Ltd,LGCAP,I0003,,10,S&P,SYMANTEC CORP,SYMC,871503108,0000849399,7372,511210
066731,01,000003,20030416,20130101,S&P 500 Comp-Ltd,LGCAP,I0003,,10,S&P,FEDERATED INVESTORS INC,FII,314211103,0001056288,6282,523930
029984,01,000003,20030717,,S&P 500 Comp-Ltd,LGCAP,I0003,,10,S&P,PROLOGIS INC,PLD,74340W103,0001045609,6798,531120
007186,02,000003,20030820,20120403,S&P 500 Comp-Ltd,LGCAP,I0003,,10,S&P,MEDCO HEALTH SOLUTIONS INC,MHS,58405U102,0001170650,5912,446110
025356,01,000003,20030926,20181223,S&P 500 Comp-Ltd,LGCAP,I0003,,10,S&P,EXPRESS SCRIPTS HOLDING CO,ESRX,30219G108,0001532063,5912,446110
024468,01,000003,20031113,,S&P 500 Comp-Ltd,LGCAP,I0003,,10,S&P,BIOGEN INC,BIIB,09062X103,0000875045,2836,325414
004699,01,000003,20040227,,S&P 500 Comp-Ltd,LGCAP,I0003,,10,S&P,M & T BANK CORP,MTB,55261F104,0000036270,6020,522110
063501,01,000003,20040401,,S&P 500 Comp-Ltd,LGCAP,I0003,,10,S&P,E TRADE FINANCIAL CORP,ETFC,269246401,0001015780,6211,523120
030697,01,000003,20040402,20100207,S&P 500 Comp-Ltd,LGCAP,I0003,,10,S&P,AFFILIATED COMPUTER SERVICES,ACS,008190100,0000002135,7374,518210
007637,01,000003,20040423,,S&P 500 Comp-Ltd,LGCAP,I0003,,10,S&P,MYLAN NV,MYL,N59465109,0001623613,2834,325412
015247,01,000003,20040429,,S&P 500 Comp-Ltd,LGCAP,I0003,,10,S&P,VALERO ENERGY CORP,VLO,91913Y100,0001035002,2911,324110
160255,01,000003,20040503,20150902,S&P 500 Comp-Ltd,LGCAP,I0003,,10,S&P,HOSPIRA INC,HSP,441060100,0001274057,2834,325412
024856,01,000003,20040701,,S&P 500 Comp-Ltd,LGCAP,I0003,,10,S&P,GILEAD SCIENCES INC,GILD,375558103,0000882095,2836,325414
140541,01,000003,20040901,,S&P 500 Comp-Ltd,LGCAP,I0003,,10,S&P,TAPESTRY INC,TPR,876030107,0001116132,3100,316992
014960,01,000003,20041101,,S&P 500 Comp-Ltd,LGCAP,I0003,,10,S&P,LABORATORY CP OF AMER HLDGS,LH,50540R409,0000920148,8071,621511
110685,01,000003,20041201,20190630,S&P 500 Comp-Ltd,LGCAP,I0003,,10,S&P,L3 TECHNOLOGIES INC,LLL,502413107,0001039101,3812,334511
012886,04,000003,20041220,20190319,S&P 500 Comp-Ltd,LGCAP,I0003,,10,S&P,TWENTY-FIRST CENTURY FOX INC,TFCFA,90130A309,0001308161,4888,515210
028256,01,000003,20041229,20100627,S&P 500 Comp-Ltd,LGCAP,I0003,,10,S&P,XTO ENERGY INC,XTO,98385X106,0000868809,1311,211111
063892,01,000003,20050314,,S&P 500 Comp-Ltd,LGCAP,I0003,,10,S&P,NATIONAL OILWELL VARCO INC,NOV,637071101,0001021860,3533,333132
006307,03,000003,20050328,20120904,S&P 500 Comp-Ltd,LGCAP,I0003,,10,S&P,SEARS HOLDINGS CORP,SHLDQ,812350106,0001310067,5311,452111
002710,02,000003,20050705,,S&P 500 Comp-Ltd,LGCAP,I0003,,10,S&P,CONSTELLATION BRANDS,STZ,21036P108,0000016918,2082,312120
025340,01,000003,20050705,,S&P 500 Comp-Ltd,LGCAP,I0003,,10,S&P,D R HORTON INC,DHI,23331A109,0000882184,1531,236117
010793,01,000003,20050811,,S&P 500 Comp-Ltd,LGCAP,I0003,,10,S&P,TYSON FOODS INC  -CL A,TSN,902494103,0000100493,2011,311611
011220,01,000003,20050812,,S&P 500 Comp-Ltd,LGCAP,I0003,,10,S&P,VORNADO REALTY TRUST,VNO,929042109,0000899689,6798,531120
007620,01,000003,20050815,20170725,S&P 500 Comp-Ltd,LGCAP,I0003,,10,S&P,MURPHY OIL CORP,MUR,626717102,0000717423,1311,2111
010096,01,000003,20050819,,S&P 500 Comp-Ltd,LGCAP,I0003,,10,S&P,PUBLIC STORAGE,PSA,74460D109,0001393311,6798,531130
023877,01,000003,20050830,20130508,S&P 500 Comp-Ltd,LGCAP,I0003,,10,S&P,COVENTRY HEALTH CARE INC,CVH,222862104,0001054833,6324,524114
164708,01,000003,20051003,,S&P 500 Comp-Ltd,LGCAP,I0003,,10,S&P,AMERIPRISE FINANCIAL INC,AMP,03076C106,0000820027,6211,523110
006669,01,000003,20051004,,S&P 500 Comp-Ltd,LGCAP,I0003,,10,S&P,LENNAR CORP,LEN,526057104,0000920760,1531,236117
025880,01,000003,20051011,20180318,S&P 500 Comp-Ltd,LGCAP,I0003,,10,S&P,PATTERSON COS INC,PDCO,703395103,0000891024,5047,423450
064768,01,000003,20051121,,S&P 500 Comp-Ltd,LGCAP,I0003,,10,S&P,AMAZON.COM INC,AMZN,023135106,0001018724,5961,454110
158354,01,000003,20051202,20151117,S&P 500 Comp-Ltd,LGCAP,I0003,,10,S&P,GENWORTH FINANCIAL INC,GNW,37247D106,0001276520,6311,524113
165675,01,000003,20060103,,S&P 500 Comp-Ltd,LGCAP,I0003,,10,S&P,VIACOM INC,VIAB,92553P201,0001339947,4833,515120
024893,01,000003,20060103,20170828,S&P 500 Comp-Ltd,LGCAP,I0003,,10,S&P,WHOLE FOODS MARKET INC,WFM,966837106,0000865436,5411,445110
061567,01,000003,20060105,,S&P 500 Comp-Ltd,LGCAP,I0003,,10,S&P,LAUDER (ESTEE) COS INC -CL A,EL,518439104,0001001250,2844,325620
066368,01,000003,20060201,,S&P 500 Comp-Ltd,LGCAP,I0003,,10,S&P,VERISIGN INC,VRSN,92343E102,0001014473,7370,519130
012788,01,000003,20060201,20170315,S&P 500 Comp-Ltd,LGCAP,I0003,,10,S&P,HARMAN INTERNATIONAL INDS,HAR,413086109,0000800459,3651,334310
027786,01,000003,20060303,20180318,S&P 500 Comp-Ltd,LGCAP,I0003,,10,S&P,CHESAPEAKE ENERGY CORP,CHK,165167107,0000895126,1311,2111
024731,01,000003,20060403,,S&P 500 Comp-Ltd,LGCAP,I0003,,10,S&P,KIMCO REALTY CORP,KIM,49446R109,0000879101,6798,531120
064925,01,000003,20060403,,S&P 500 Comp-Ltd,LGCAP,I0003,,10,S&P,BOSTON PROPERTIES INC,BXP,101121101,0001037540,6798,531120
160329,01,000003,20060403,,S&P 500 Comp-Ltd,LGCAP,I0003,,10,S&P,ALPHABET INC,GOOGL,02079K305,0001652044,7370,519130
062655,01,000003,20060403,20130523,S&P 500 Comp-Ltd,LGCAP,I0003,,10,S&P,DEAN FOODS CO,DF,242370203,0000931336,2020,311511
061513,01,000003,20060420,20160512,S&P 500 Comp-Ltd,LGCAP,I0003,,10,S&P,SANDISK CORP,SNDK,80004C101,0001000180,3572,334112
006653,01,000003,20060424,20161201,S&P 500 Comp-Ltd,LGCAP,I0003,,10,S&P,LEGG MASON INC,LM,524901105,0000704051,6282,523920
121718,01,000003,20060602,,S&P 500 Comp-Ltd,LGCAP,I0003,,10,S&P,JUNIPER NETWORKS INC,JNPR,48203R104,0001043604,3576,334118
120093,01,000003,20060628,20160303,S&P 500 Comp-Ltd,LGCAP,I0003,,10,S&P,CNX RESOURCES CORPORATION,CNX,12653C108,0001070412,1311,2111
174490,01,000003,20060718,20150406,S&P 500 Comp-Ltd,LGCAP,I0003,,10,S&P,WINDSTREAM HOLDINGS INC,WINMQ,97382A309,0001282266,4813,517311
174729,01,000003,20060801,20180530,S&P 500 Comp-Ltd,LGCAP,I0003,,10,S&P,WYNDHAM DESTINATIONS INC,WYND,98310W108,0001361658,6531,531390
149070,01,000003,20060811,,S&P 500 Comp-Ltd,LGCAP,I0003,,10,S&P,CME GROUP INC,CME,12572Q105,0001156375,6200,523210
175263,01,000003,20061002,,S&P 500 Comp-Ltd,LGCAP,I0003,,10,S&P,WESTERN UNION CO,WU,959802109,0001365135,6099,522320
009772,01,000003,20061002,20100826,S&P 500 Comp-Ltd,LGCAP,I0003,,10,S&P,SMITH INTERNATIONAL INC,SII,832110100,0000721083,2890,325998
013599,01,000003,20061106,,S&P 500 Comp-Ltd,LGCAP,I0003,,10,S&P,CELGENE CORP,CELG,151020104,0000816284,2834,325412
165993,01,000003,20061110,,S&P 500 Comp-Ltd,LGCAP,I0003,,10,S&P,FIDELITY NATIONAL INFO SVCS,FIS,31620M106,0001136893,7374,518210
260774,01,000003,20061110,,S&P 500 Comp-Ltd,LGCAP,I0003,,10,S&P,CBRE GROUP INC,CBRE,12504L109,0001138118,6500,531
111864,01,000003,20061117,,S&P 500 Comp-Ltd,LGCAP,I0003,,10,S&P,COGNIZANT TECH SOLUTIONS,CTSH,192446102,0001058290,7370,541512
142460,01,000003,20061120,20140921,S&P 500 Comp-Ltd,LGCAP,I0003,,10,S&P,PEABODY ENERGY CORP,BTU,704549203,0001064728,1220,212111
008873,01,000003,20061201,20100630,S&P 500 Comp-Ltd,LGCAP,I0003,,10,S&P,QUESTAR CORP,STR,748356102,0000751652,4923,221210
012206,01,000003,20061204,20150728,S&P 500 Comp-Ltd,LGCAP,I0003,,10,S&P,DIRECTV,DTV.2,25490A309,0001465112,4841,515210
176282,01,000003,20070103,20170227,S&P 500 Comp-Ltd,LGCAP,I0003,,10,S&P,SPECTRA ENERGY CORP,SE.7,847560109,0001373835,4923,221210
029875,01,000003,20070110,,S&P 500 Comp-Ltd,LGCAP,I0003,,10,S&P,AVALONBAY COMMUNITIES INC,AVB,053484101,0000915912,6798,531110
064891,01,000003,20070202,,S&P 500 Comp-Ltd,LGCAP,I0003,,10,S&P,RALPH LAUREN CORP,RL,751212101,0001037038,2320,31522
011115,01,000003,20070212,,S&P 500 Comp-Ltd,LGCAP,I0003,,10,S&P,VARIAN MEDICAL SYSTEMS INC,VAR,92220P105,0000203527,3845,334510
122015,01,000003,20070215,20151102,S&P 500 Comp-Ltd,LGCAP,I0003,,10,S&P,HUDSON CITY BANCORP INC,HCBK,443683107,0000921847,6035,522120
011555,01,000003,20070222,20150630,S&P 500 Comp-Ltd,LGCAP,I0003,,10,S&P,INTEGRYS HOLDING INC,WEC3,45822P105,0000916863,4931,2211
065609,01,000003,20070302,,S&P 500 Comp-Ltd,LGCAP,I0003,,10,S&P,C H ROBINSON WORLDWIDE INC,CHRW,12541W209,0001043277,4213,484121
007063,01,000003,20070320,,S&P 500 Comp-Ltd,LGCAP,I0003,,10,S&P,HOST HOTELS & RESORTS INC,HST,44107P104,0001070750,6798,531120
063643,01,000003,20070329,20131222,S&P 500 Comp-Ltd,LGCAP,I0003,,10,S&P,ABERCROMBIE & FITCH  -CL A,ANF,002896207,0001018840,5651,448140
142953,01,000003,20070402,,S&P 500 Comp-Ltd,LGCAP,I0003,,10,S&P,MONDELEZ INTERNATIONAL INC,MDLZ,609207105,0001103982,2052,311821
157057,01,000003,20070410,,S&P 500 Comp-Ltd,LGCAP,I0003,,10,S&P,ASSURANT INC,AIZ,04621X108,0001267238,6351,524126
060992,01,000003,20070531,20111218,S&P 500 Comp-Ltd,LGCAP,I0003,,10,S&P,SUNEDISON INC,SUNEQ,86732Y109,0000945436,3620,335999
008717,01,000003,20070601,20160131,S&P 500 Comp-Ltd,LGCAP,I0003,,10,S&P,PRECISION CASTPARTS CORP,PCP,740189105,0000079958,3728,336413
177376,02,000003,20070702,,S&P 500 Comp-Ltd,LGCAP,I0003,,10,S&P,DISCOVER FINANCIAL SVCS,DFS,254709108,0001393612,6141,522210
125595,01,000003,20070712,,S&P 500 Comp-Ltd,LGCAP,I0003,,10,S&P,AKAMAI TECHNOLOGIES INC,AKAM,00971T101,0001086222,7370,519130
006682,01,000003,20070827,20190925,S&P 500 Comp-Ltd,LGCAP,I0003,,10,S&P,JEFFERIES FINANCIAL GRP INC,JEF,47233W109,0000096223,6211,523110
027965,01,000003,20070907,,S&P 500 Comp-Ltd,LGCAP,I0003,,10,S&P,MICROCHIP TECHNOLOGY INC,MCHP,595017104,0000827054,3674,334413
163610,01,000003,20070926,,S&P 500 Comp-Ltd,LGCAP,I0003,,10,S&P,INTERCONTINENTAL EXCHANGE,ICE,45866F104,0001571949,6200,523999
010466,01,000003,20070927,20180930,S&P 500 Comp-Ltd,LGCAP,I0003,,10,S&P,ANDEAVOR,ANDV,03349M105,0000050104,2911,324110
178310,01,000003,20071001,20170618,S&P 500 Comp-Ltd,LGCAP,I0003,,10,S&P,TERADATA CORP,TDC,88076W103,0000816761,7370,54151
126296,02,000003,20071002,,S&P 500 Comp-Ltd,LGCAP,I0003,,10,S&P,EXPEDIA GROUP INC,EXPE,30212P303,0001324424,4700,561510
007912,01,000003,20071008,,S&P 500 Comp-Ltd,LGCAP,I0003,,10,S&P,NOBLE ENERGY INC,NBL,655044105,0000072207,1311,2111
004494,01,000003,20071010,,S&P 500 Comp-Ltd,LGCAP,I0003,,10,S&P,EXPEDITORS INTL WASH INC,EXPD,302130109,0000746515,4731,488510
166451,01,000003,20071025,20131112,S&P 500 Comp-Ltd,LGCAP,I0003,,10,S&P,NYSE EURONEXT,NYX,629491101,0001368007,6200,523210
006216,01,000003,20071026,,S&P 500 Comp-Ltd,LGCAP,I0003,,10,S&P,JACOBS ENGINEERING GROUP INC,JEC,469814107,0000052988,1600,236210
062984,01,000003,20071029,20121223,S&P 500 Comp-Ltd,LGCAP,I0003,,10,S&P,TITANIUM METALS CORP,TIE,888339207,0001011657,3350,331491
008694,01,000003,20071109,20160329,S&P 500 Comp-Ltd,LGCAP,I0003,,10,S&P,PEPCO HOLDINGS INC,POM,713291102,0001135971,4911,2211
105365,01,000003,20071119,,S&P 500 Comp-Ltd,LGCAP,I0003,,10,S&P,AMERICAN TOWER CORP,AMT,03027X100,0001053507,6798,531120
145049,01,000003,20071214,20160424,S&P 500 Comp-Ltd,LGCAP,I0003,,10,S&P,GAMESTOP CORP,GME,36467W109,0001326380,5734,443142
006788,01,000003,20071221,20180617,S&P 500 Comp-Ltd,LGCAP,I0003,,10,S&P,RANGE RESOURCES CORP,RRC,75281A109,0000315852,1311,2111
011300,01,000003,20071231,20140921,S&P 500 Comp-Ltd,LGCAP,I0003,,10,S&P,GRAHAM HOLDINGS CO,GHC,384637104,0000104889,8200,611691
010631,01,000003,20080102,20190922,S&P 500 Comp-Ltd,LGCAP,I0003,,10,S&P,TOTAL SYSTEM SERVICES INC,TSS,891906109,0000721683,7389,522320
060894,01,000003,20080129,20160403,S&P 500 Comp-Ltd,LGCAP,I0003,,10,S&P,CAMERON INTERNATIONAL CORP,CAM,13342B105,0000941548,3533,333132
013125,01,000003,20080331,,S&P 500 Comp-Ltd,LGCAP,I0003,,10,S&P,HCP INC,HCP,40414L109,0000765880,6798,531120
179621,01,000003,20080331,,S&P 500 Comp-Ltd,LGCAP,I0003,,10,S&P,PHILIP MORRIS INTERNATIONAL,PM,718172109,0001413329,2111,312230
136725,01,000003,20080602,,S&P 500 Comp-Ltd,LGCAP,I0003,,10,S&P,INTUITIVE SURGICAL INC,ISRG,46120E602,0001035267,3845,334510
009904,01,000003,20080606,20170403,S&P 500 Comp-Ltd,LGCAP,I0003,,10,S&P,SOUTHWESTERN ENERGY CO,SWN,845467109,0000007332,4923,2111
147175,01,000003,20080611,20150611,S&P 500 Comp-Ltd,LGCAP,I0003,,10,S&P,LORILLARD INC,LO,544147101,0001424847,2111,312230
020548,01,000003,20080623,,S&P 500 Comp-Ltd,LGCAP,I0003,,10,S&P,CABOT OIL & GAS CORP,COG,127097103,0000858470,1311,2111
141400,01,000003,20080623,20110601,S&P 500 Comp-Ltd,LGCAP,I0003,,10,S&P,MASSEY ENERGY CO,MEE,576206106,0000037748,1220,212112
029968,01,000003,20080701,20111218,S&P 500 Comp-Ltd,LGCAP,I0003,,10,S&P,AK STEEL HOLDING CORP,AKS,001547108,0000918160,3312,331110
180167,01,000003,20080701,20180306,S&P 500 Comp-Ltd,LGCAP,I0003,,10,S&P,SCRIPPS NETWORKS INTERACTIVE,SNI,811065101,0001430602,4833,515120
160225,01,000003,20080718,,S&P 500 Comp-Ltd,LGCAP,I0003,,10,S&P,MASTERCARD INC,MA,57636Q104,0001141391,6099,522320
061483,01,000003,20080731,,S&P 500 Comp-Ltd,LGCAP,I0003,,10,S&P,DAVITA INC,DVA,23918K108,0000927066,8090,621492
029804,02,000003,20080821,,S&P 500 Comp-Ltd,LGCAP,I0003,,10,S&P,INVESCO LTD,IVZ,G491BT108,0000914208,6282,523920
163946,01,000003,20080827,,S&P 500 Comp-Ltd,LGCAP,I0003,,10,S&P,CF INDUSTRIES HOLDINGS INC,CF,125269100,0001324404,2870,325311
014225,01,000003,20080915,,S&P 500 Comp-Ltd,LGCAP,I0003,,10,S&P,FASTENAL CO,FAST,311900104,0000815556,5000,423
157855,01,000003,20080915,,S&P 500 Comp-Ltd,LGCAP,I0003,,10,S&P,SALESFORCE.COM INC,CRM,79466L302,0001108524,7372,511210
005492,01,000003,20080922,20190630,S&P 500 Comp-Ltd,LGCAP,I0003,,10,S&P,L3HARRIS TECHNOLOGIES INC,LHX,502431109,0000202058,3812,334511
014359,02,000003,20080924,,S&P 500 Comp-Ltd,LGCAP,I0003,,10,S&P,PIONEER NATURAL RESOURCES CO,PXD,723787107,0001038357,1311,2111
014282,01,000003,20080930,,S&P 500 Comp-Ltd,LGCAP,I0003,,10,S&P,AMPHENOL CORP,APH,032095101,0000820313,3678,334417
004108,01,000003,20081002,,S&P 500 Comp-Ltd,LGCAP,I0003,,10,S&P,FLOWSERVE CORP,FLS,34354P105,0000030625,3561,333914
179700,01,000003,20081007,20180701,S&P 500 Comp-Ltd,LGCAP,I0003,,10,S&P,DR PEPPER SNAPPLE GROUP INC,DPS,26138E109,,2086,312111
149337,01,000003,20081022,,S&P 500 Comp-Ltd,LGCAP,I0003,,10,S&P,NASDAQ INC,NDAQ,631103108,0001120193,6200,523210
011550,01,000003,20081031,,S&P 500 Comp-Ltd,LGCAP,I0003,,10,S&P,WEC ENERGY GROUP INC,WEC,92939U106,0000783325,4931,2211
009777,01,000003,20081106,,S&P 500 Comp-Ltd,LGCAP,I0003,,10,S&P,SMUCKER (JM) CO,SJM,832696405,0000091419,2033,311421
016245,01,000003,20081113,,S&P 500 Comp-Ltd,LGCAP,I0003,,10,S&P,PEOPLE'S UNITED FINL INC,PBCT,712704105,0001378946,6020,522110
013700,01,000003,20081114,,S&P 500 Comp-Ltd,LGCAP,I0003,,10,S&P,DENTSPLY SIRONA INC,XRAY,24906P109,0000818479,3843,339114
149318,01,000003,20081114,,S&P 500 Comp-Ltd,LGCAP,I0003,,10,S&P,WYNN RESORTS LTD,WYNN,983134107,0001174922,7990,721120
023945,01,000003,20081117,20111016,S&P 500 Comp-Ltd,LGCAP,I0003,,10,S&P,CEPHALON INC,CEPH,156708109,0000873364,2834,325412
063527,01,000003,20081119,20181202,S&P 500 Comp-Ltd,LGCAP,I0003,,10,S&P,STERICYCLE INC,SRCL,858912108,0000861878,4955,562211
118577,01,000003,20081124,20140123,S&P 500 Comp-Ltd,LGCAP,I0003,,10,S&P,LIFE TECHNOLOGIES CORP,LIFE.3,53217V109,0001073431,2836,325414
004094,01,000003,20081202,20170404,S&P 500 Comp-Ltd,LGCAP,I0003,,10,S&P,DUN & BRADSTREET CORP,DNB,26483E100,0001115222,7323,561450
112168,01,000003,20081205,,S&P 500 Comp-Ltd,LGCAP,I0003,,10,S&P,REPUBLIC SERVICES INC,RSG,760759100,0001060391,4953,562111
004430,01,000003,20081219,20181112,S&P 500 Comp-Ltd,LGCAP,I0003,,10,S&P,EQT CORP,EQT,26884L109,0000033213,4923,2111
025783,01,000003,20081223,20110228,S&P 500 Comp-Ltd,LGCAP,I0003,,10,S&P,MCAFEE INC,MFE,579064106,0000890801,7372,511210
028477,01,000003,20090102,,S&P 500 Comp-Ltd,LGCAP,I0003,,10,S&P,FLIR SYSTEMS INC,FLIR,302445101,0000354908,3812,334511
008215,02,000003,20090102,20161201,S&P 500 Comp-Ltd,LGCAP,I0003,,10,S&P,OWENS-ILLINOIS INC,OI,690768403,0000812074,3221,327213
009445,01,000003,20090102,20190101,S&P 500 Comp-Ltd,LGCAP,I0003,,10,S&P,SCANA CORP,SCG,80589M102,0000754737,4931,22111
062374,01,000003,20090106,,S&P 500 Comp-Ltd,LGCAP,I0003,,10,S&P,IRON MOUNTAIN INC,IRM,46284V101,0001020569,6798,531120
005543,01,000003,20090130,,S&P 500 Comp-Ltd,LGCAP,I0003,,10,S&P,WELLTOWER INC,WELL,95040Q104,0000766704,6798,531110
061409,01,000003,20090226,20161002,S&P 500 Comp-Ltd,LGCAP,I0003,,10,S&P,DIAMOND OFFSHRE DRILLING INC,DO,25271C102,0000949039,1381,213111
005709,01,000003,20090304,,S&P 500 Comp-Ltd,LGCAP,I0003,,10,S&P,HORMEL FOODS CORP,HRL,440452100,0000048465,2011,311611
110179,01,000003,20090304,,S&P 500 Comp-Ltd,LGCAP,I0003,,10,S&P,VENTAS INC,VTR,92276F100,0000740260,6798,531110
007970,01,000003,20090317,,S&P 500 Comp-Ltd,LGCAP,I0003,,10,S&P,EVERSOURCE ENERGY,ES,30040W108,0000072741,4931,2211
028180,01,000003,20090327,,S&P 500 Comp-Ltd,LGCAP,I0003,,10,S&P,O'REILLY AUTOMOTIVE INC,ORLY,67103H107,0000898173,5531,441310
176404,01,000003,20090330,20160517,S&P 500 Comp-Ltd,LGCAP,I0003,,10,S&P,TIME WARNER CABLE INC,TWC,88732J207,0001377013,4841,515210
020653,01,000003,20090402,20150322,S&P 500 Comp-Ltd,LGCAP,I0003,,10,S&P,DENBURY RESOURCES INC,DNR,247916208,0000945764,1311,2111
142811,01,000003,20090605,20170116,S&P 500 Comp-Ltd,LGCAP,I0003,,10,S&P,FMC TECHNOLOGIES INC,FTI.1,30249U101,0001135152,3533,333132
003905,01,000003,20090609,20120930,S&P 500 Comp-Ltd,LGCAP,I0003,,10,S&P,ADTALEM GLOBAL EDUCATION INC,ATGE,00737L103,0000730464,8200,611310
160256,01,000003,20090630,20130430,S&P 500 Comp-Ltd,LGCAP,I0003,,10,S&P,METROPCS COMMUNICATIONS INC,PCS,591708102,,4812,517212
011399,01,000003,20090701,,S&P 500 Comp-Ltd,LGCAP,I0003,,10,S&P,WESTERN DIGITAL CORP,WDC,958102105,0000106040,3572,334112
066446,01,000003,20090701,,S&P 500 Comp-Ltd,LGCAP,I0003,,10,S&P,QUANTA SERVICES INC,PWR,74762E102,0001050915,1731,238210
122841,01,000003,20090727,20190714,S&P 500 Comp-Ltd,LGCAP,I0003,,10,S&P,RED HAT INC,RHT,756577102,0001087423,7372,511210
004510,01,000003,20090819,,S&P 500 Comp-Ltd,LGCAP,I0003,,10,S&P,FMC CORP,FMC,302491303,0000037785,2870,325320
183257,01,000003,20090901,20150317,S&P 500 Comp-Ltd,LGCAP,I0003,,10,S&P,CAREFUSION CORP,CFN,14170T101,0001457543,3841,339112
012950,01,000003,20090909,20160522,S&P 500 Comp-Ltd,LGCAP,I0003,,10,S&P,AIRGAS INC,ARG,009363102,0000804212,5084,423830
175404,01,000003,20091016,20170319,S&P 500 Comp-Ltd,LGCAP,I0003,,10,S&P,FIRST SOLAR INC,FSLR,336433107,0001274494,3674,334413
119314,01,000003,20091106,,S&P 500 Comp-Ltd,LGCAP,I0003,,10,S&P,BOOKING HOLDINGS INC,BKNG,09857L108,0001075531,7370,519130
009248,01,000003,20091221,,S&P 500 Comp-Ltd,LGCAP,I0003,,10,S&P,ROSS STORES INC,ROST,778296103,0000745732,5651,448140
179534,01,000003,20091221,,S&P 500 Comp-Ltd,LGCAP,I0003,,10,S&P,VISA INC,V,92826C839,0001403161,6099,522320
165123,01,000003,20091221,20130922,S&P 500 Comp-Ltd,LGCAP,I0003,,10,S&P,LEIDOS HOLDINGS INC,LDOS,525327102,0001336920,7373,541512
003107,01,000003,20091221,20140401,S&P 500 Comp-Ltd,LGCAP,I0003,,10,S&P,CLEVELAND-CLIFFS INC,CLF,185899101,0000764065,1000,212210
180833,01,000003,20091221,20170618,S&P 500 Comp-Ltd,LGCAP,I0003,,10,S&P,MEAD JOHNSON NUTRITION CO,MJN,582839106,0001452575,2020,311514
024925,01,000003,20091223,,S&P 500 Comp-Ltd,LGCAP,I0003,,10,S&P,ROPER TECHNOLOGIES INC,ROP,776696106,0000882835,3823,334513
135990,03,000003,20100129,,S&P 500 Comp-Ltd,LGCAP,I0003,,10,S&P,NRG ENERGY INC,NRG,629377508,0001013871,4911,22111
029150,01,000003,20100208,20170319,S&P 500 Comp-Ltd,LGCAP,I0003,,10,S&P,URBAN OUTFITTERS INC,URBN,917047102,0000912615,5651,448140
002176,02,000003,20100216,,S&P 500 Comp-Ltd,LGCAP,I0003,,10,S&P,BERKSHIRE HATHAWAY,BRK.B,084670702,0001067983,9997,999977
005581,01,000003,20100301,,S&P 500 Comp-Ltd,LGCAP,I0003,,10,S&P,HELMERICH & PAYNE,HP,423452101,0000046765,1381,213111
164296,01,000003,20100301,,S&P 500 Comp-Ltd,LGCAP,I0003,,10,S&P,DISCOVERY INC,DISCA,25470F104,0001437107,4841,515210
008151,01,000003,20100315,,S&P 500 Comp-Ltd,LGCAP,I0003,,10,S&P,ONEOK INC,OKE,682680103,0001039684,4923,221210
012850,01,000003,20100430,,S&P 500 Comp-Ltd,LGCAP,I0003,,10,S&P,CERNER CORP,CERN,156782104,0000804753,7373,541512
064410,01,000003,20100628,,S&P 500 Comp-Ltd,LGCAP,I0003,,10,S&P,CARMAX INC,KMX,143130102,0001170010,5500,441120
154357,01,000003,20100701,20150630,S&P 500 Comp-Ltd,LGCAP,I0003,,10,S&P,QEP RESOURCES INC,QEP,74733V100,0001108827,1311,2111
028034,01,000003,20100715,,S&P 500 Comp-Ltd,LGCAP,I0003,,10,S&P,CHUBB LTD,CB,H1467J104,0000896159,6331,524126
010787,01,000003,20100827,20160905,S&P 500 Comp-Ltd,LGCAP,I0003,,10,S&P,TYCO INTERNATIONAL PLC,TYC,G91442106,0001608109,3669,334290
005959,01,000003,20101117,,S&P 500 Comp-Ltd,LGCAP,I0003,,10,S&P,INGERSOLL-RAND PLC,IR,G47791101,0001466258,3585,333415
121077,01,000003,20101220,,S&P 500 Comp-Ltd,LGCAP,I0003,,10,S&P,F5 NETWORKS INC,FFIV,315616102,0001048695,7373,541512
147579,01,000003,20101220,,S&P 500 Comp-Ltd,LGCAP,I0003,,10,S&P,NETFLIX INC,NFLX,64110L106,0001065280,7841,532282
012485,01,000003,20101220,20160623,S&P 500 Comp-Ltd,LGCAP,I0003,,10,S&P,ALTICE USA INC,ATUS,12686C109,0001702780,4841,515210
029173,01,000003,20101220,20190214,S&P 500 Comp-Ltd,LGCAP,I0003,,10,S&P,NEWFIELD EXPLORATION CO,NFX,651290108,0000912750,1311,211111
186106,01,000003,20110104,20120524,S&P 500 Comp-Ltd,LGCAP,I0003,,10,S&P,MOTOROLA MOBILITY HLDGS INC,MMI.3,620097105,0001495569,3663,334220
011925,01,000003,20110118,20150719,S&P 500 Comp-Ltd,LGCAP,I0003,,10,S&P,NOBLE CORP PLC,NE,G65431101,0001458891,1381,213111
013003,02,000003,20110228,20151007,S&P 500 Comp-Ltd,LGCAP,I0003,,10,S&P,JOY GLOBAL INC,JOY,481165108,0000801898,3532,333131
177264,02,000003,20110301,20150126,S&P 500 Comp-Ltd,LGCAP,I0003,,10,S&P,COVIDIEN PLC,COV,G2554F113,0001385187,3845,334510
133366,01,000003,20110401,,S&P 500 Comp-Ltd,LGCAP,I0003,,10,S&P,EDWARDS LIFESCIENCES CORP,EW,28176E108,0001099800,3842,339113
124434,01,000003,20110404,,S&P 500 Comp-Ltd,LGCAP,I0003,,10,S&P,BLACKROCK INC,BLK,09247X101,0001364742,6282,523920
165914,01,000003,20110428,,S&P 500 Comp-Ltd,LGCAP,I0003,,10,S&P,CHIPOTLE MEXICAN GRILL INC,CMG,169656105,0001058090,5812,722513
162448,01,000003,20110602,20121001,S&P 500 Comp-Ltd,LGCAP,I0003,,10,S&P,ALPHA NATURAL RESOURCES INC,ANRZQ,02076X102,0001301063,1220,2121
186989,01,000003,20110701,,S&P 500 Comp-Ltd,LGCAP,I0003,,10,S&P,MARATHON PETROLEUM CORP,MPC,56585A102,0001510295,2911,324110
143357,01,000003,20110706,,S&P 500 Comp-Ltd,LGCAP,I0003,,10,S&P,ACCENTURE PLC,ACN,G1151C101,0001467373,8742,541611
162129,01,000003,20110926,,S&P 500 Comp-Ltd,LGCAP,I0003,,10,S&P,MOSAIC CO,MOS,61945C103,0001285785,2870,3253
177267,02,000003,20111017,,S&P 500 Comp-Ltd,LGCAP,I0003,,10,S&P,TE CONNECTIVITY LTD,TEL,H84989104,0001385157,3678,334417
189491,01,000003,20111101,,S&P 500 Comp-Ltd,LGCAP,I0003,,10,S&P,XYLEM INC,XYL,98419M100,0001524472,3561,333914
003497,01,000003,20111123,20121202,S&P 500 Comp-Ltd,LGCAP,I0003,,10,S&P,COOPER INDUSTRIES PLC,CBE,G24140108,0001141982,3640,3351
001837,01,000003,20111213,20160630,S&P 500 Comp-Ltd,LGCAP,I0003,,10,S&P,SOUTHERN CO GAS,SO7,001204106,0001004155,4924,221210
024782,01,000003,20111219,,S&P 500 Comp-Ltd,LGCAP,I0003,,10,S&P,PERRIGO CO PLC,PRGO,G97822103,0001585364,2834,325412
028742,01,000003,20111219,,S&P 500 Comp-Ltd,LGCAP,I0003,,10,S&P,BORGWARNER INC,BWA,099724106,0000908255,3714,336310
031587,01,000003,20111219,,S&P 500 Comp-Ltd,LGCAP,I0003,,10,S&P,DOLLAR TREE INC,DLTR,256746108,0000935703,5331,452319
199356,01,000003,20111221,,S&P 500 Comp-Ltd,LGCAP,I0003,,10,S&P,TRIPADVISOR INC,TRIP,896945201,0001526520,7370,519130
187128,01,000003,20120103,20140323,S&P 500 Comp-Ltd,LGCAP,I0003,,10,S&P,WPX ENERGY INC,WPX,98212B103,0001518832,1311,2111
113490,01,000003,20120314,,S&P 500 Comp-Ltd,LGCAP,I0003,,10,S&P,CROWN CASTLE INTL CORP,CCI,22822V101,0001051470,6798,531120
028118,01,000003,20120404,20160104,S&P 500 Comp-Ltd,LGCAP,I0003,,10,S&P,FOSSIL GROUP INC,FOSL,34988V106,0000883569,3873,334519
170841,01,000003,20120501,,S&P 500 Comp-Ltd,LGCAP,I0003,,10,S&P,PHILLIPS 66,PSX,718546104,0001534701,2911,324110
006310,04,000003,20120525,,S&P 500 Comp-Ltd,LGCAP,I0003,,10,S&P,KINDER MORGAN INC,KMI,49456B101,0001506307,4923,486210
062263,01,000003,20120525,,S&P 500 Comp-Ltd,LGCAP,I0003,,10,S&P,ALEXION PHARMACEUTICALS INC,ALXN,015351109,0000899866,2836,325414
006565,01,000003,20120605,,S&P 500 Comp-Ltd,LGCAP,I0003,,10,S&P,LAM RESEARCH CORP,LRCX,512807108,0000707549,3559,333242
024316,01,000003,20120629,,S&P 500 Comp-Ltd,LGCAP,I0003,,10,S&P,MONSTER BEVERAGE CORP,MNST,61174X109,0000865752,2086,312111
150937,01,000003,20120702,,S&P 500 Comp-Ltd,LGCAP,I0003,,10,S&P,SEAGATE TECHNOLOGY PLC,STX,G7945M107,0001137789,3572,334112
002270,01,000003,20120731,20160329,S&P 500 Comp-Ltd,LGCAP,I0003,,10,S&P,VALARIS PLC,VAL,G9402V109,0000314808,1381,213111
294524,01,000003,20120905,,S&P 500 Comp-Ltd,LGCAP,I0003,,10,S&P,LYONDELLBASELL INDUSTRIES NV,LYB,N53745100,0001489393,2820,325220
008463,01,000003,20121001,,S&P 500 Comp-Ltd,LGCAP,I0003,,10,S&P,PENTAIR PLC,PNR,G7S00T104,0000077360,3561,333914
014438,01,000003,20121001,20160502,S&P 500 Comp-Ltd,LGCAP,I0003,,10,S&P,ADT CORP,ADT.4,00101J106,0001546640,7380,561612
012978,01,000003,20121002,20150702,S&P 500 Comp-Ltd,LGCAP,I0003,,10,S&P,KRAFT FOODS GROUP INC,KRFT,50076Q106,0001545158,2000,311
028648,01,000003,20121005,20150311,S&P 500 Comp-Ltd,LGCAP,I0003,,10,S&P,PETSMART INC,PETM,716768106,0000863157,5990,453910
004016,02,000003,20121203,,S&P 500 Comp-Ltd,LGCAP,I0003,,10,S&P,DOLLAR GENERAL CORP,DG,256677105,0000029534,5331,452319
141459,01,000003,20121212,,S&P 500 Comp-Ltd,LGCAP,I0003,,10,S&P,GARMIN LTD,GRMN,H2906T109,0001121788,3812,334511
118122,04,000003,20121224,,S&P 500 Comp-Ltd,LGCAP,I0003,,10,S&P,APTIV PLC,APTV,G6095L109,0001521332,3714,336320
016101,01,000003,20130102,,S&P 500 Comp-Ltd,LGCAP,I0003,,10,S&P,ABBVIE INC,ABBV,00287Y109,0001551152,2836,325414
008551,01,000003,20130214,,S&P 500 Comp-Ltd,LGCAP,I0003,,10,S&P,PVH CORP,PVH,693656100,0000078239,2300,315
023812,01,000003,20130501,,S&P 500 Comp-Ltd,LGCAP,I0003,,10,S&P,REGENERON PHARMACEUTICALS,REGN,75886F107,0000872589,2834,325412
029868,01,000003,20130509,,S&P 500 Comp-Ltd,LGCAP,I0003,,10,S&P,MACERICH CO,MAC,554382101,0000912242,6798,531120
006335,01,000003,20130524,,S&P 500 Comp-Ltd,LGCAP,I0003,,10,S&P,KANSAS CITY SOUTHERN,KSU,485170302,0000054480,4011,482111
005073,19,000003,20130607,,S&P 500 Comp-Ltd,LGCAP,I0003,,10,S&P,GENERAL MOTORS CO,GM,37045V100,0001467858,3711,33611
013721,01,000003,20130624,,S&P 500 Comp-Ltd,LGCAP,I0003,,10,S&P,ZOETIS INC,ZTS,98978V103,0001555280,2834,325412
018043,01,000003,20130701,,S&P 500 Comp-Ltd,LGCAP,I0003,,10,S&P,NEWS CORP,NWSA,65249B109,0001564708,2711,511110
100873,03,000003,20130709,,S&P 500 Comp-Ltd,LGCAP,I0003,,10,S&P,NIELSEN HOLDINGS PLC,NLSN,G6518L108,0001492633,8700,541910
003851,03,000003,20130911,,S&P 500 Comp-Ltd,LGCAP,I0003,,10,S&P,DELTA AIR LINES INC,DAL,247361702,0000027904,4512,481111
001598,01,000003,20130923,,S&P 500 Comp-Ltd,LGCAP,I0003,,10,S&P,AMETEK INC,AME,031100100,0001037868,3823,334513
024344,01,000003,20130923,,S&P 500 Comp-Ltd,LGCAP,I0003,,10,S&P,VERTEX PHARMACEUTICALS INC,VRTX,92532F100,0000875320,2834,325412
028338,01,000003,20131029,20170725,S&P 500 Comp-Ltd,LGCAP,I0003,,10,S&P,TRANSOCEAN LTD,RIG,H8817H100,0001451505,1381,213111
198058,01,000003,20131113,,S&P 500 Comp-Ltd,LGCAP,I0003,,10,S&P,CAPRI HOLDINGS LTD,CPRI,G1890L107,0001530721,2300,315
316056,01,000003,20131202,,S&P 500 Comp-Ltd,LGCAP,I0003,,10,S&P,ALLEGION PLC,ALLE,G0176J109,0001579241,3420,332510
028119,01,000003,20131210,20180827,S&P 500 Comp-Ltd,LGCAP,I0003,,10,S&P,GGP INC,GGP,36174X101,,6798,531120
025119,01,000003,20131223,,S&P 500 Comp-Ltd,LGCAP,I0003,,10,S&P,MOHAWK INDUSTRIES INC,MHK,608190104,0000851968,2273,314110
143974,01,000003,20131223,,S&P 500 Comp-Ltd,LGCAP,I0003,,10,S&P,ALLIANCE DATA SYSTEMS CORP,ADS,018581108,0001101215,7374,518210
170617,01,000003,20131223,,S&P 500 Comp-Ltd,LGCAP,I0003,,10,S&P,FACEBOOK INC,FB,30303M102,0001326801,7370,519130
029736,01,000003,20140124,,S&P 500 Comp-Ltd,LGCAP,I0003,,10,S&P,TRACTOR SUPPLY CO,TSCO,892356106,0000916365,5200,453998
028877,01,000003,20140324,20160306,S&P 500 Comp-Ltd,LGCAP,I0003,,10,S&P,KEURIG DR PEPPER INC,KDP,49271M100,0001418135,2090,311920
030293,01,000003,20140402,,S&P 500 Comp-Ltd,LGCAP,I0003,,10,S&P,ESSEX PROPERTY TRUST,ESS,297178105,0000920522,6798,531110
160329,03,000003,20140403,,S&P 500 Comp-Ltd,LGCAP,I0003,,10,S&P,ALPHABET INC,GOOGL,02079K107,0001652044,7370,519130
165052,01,000003,20140501,,S&P 500 Comp-Ltd,LGCAP,I0003,,10,S&P,UNDER ARMOUR INC,UAA,904311107,0001336917,2300,315
180711,01,000003,20140508,,S&P 500 Comp-Ltd,LGCAP,I0003,,10,S&P,BROADCOM INC,AVGO,11135F101,0001730168,3674,334413
150699,01,000003,20140623,,S&P 500 Comp-Ltd,LGCAP,I0003,,10,S&P,CIMAREX ENERGY CO,XEC,171798101,0001168054,1311,2111
065886,01,000003,20140701,,S&P 500 Comp-Ltd,LGCAP,I0003,,10,S&P,AFFILIATED MANAGERS GRP INC,AMG,008252108,0001004434,6282,523920
029733,01,000003,20140702,,S&P 500 Comp-Ltd,LGCAP,I0003,,10,S&P,MARTIN MARIETTA MATERIALS,MLM,573284106,0000916076,1400,212313
164296,03,000003,20140807,,S&P 500 Comp-Ltd,LGCAP,I0003,,10,S&P,DISCOVERY INC,DISCA,25470F302,0001437107,4841,515210
018086,01,000003,20140819,20170725,S&P 500 Comp-Ltd,LGCAP,I0003,,10,S&P,MALLINCKRODT PLC,MNK,G5785G107,0001567892,2834,325412
011032,01,000003,20140922,,S&P 500 Comp-Ltd,LGCAP,I0003,,10,S&P,UNIVERSAL HEALTH SVCS INC,UHS,913903100,0000352915,8062,622110
066065,01,000003,20140922,,S&P 500 Comp-Ltd,LGCAP,I0003,,10,S&P,UNITED RENTALS INC,URI,911363109,0001067701,7350,532412
013440,03,000003,20141105,20171012,S&P 500 Comp-Ltd,LGCAP,I0003,,10,S&P,LEVEL 3 COMMUNICATIONS INC,LVLT,52729N308,0000794323,4813,517110
028191,01,000003,20141205,,S&P 500 Comp-Ltd,LGCAP,I0003,,10,S&P,ROYAL CARIBBEAN CRUISES LTD,RCL,V7780T103,0000884887,4400,483112
022260,04,000003,20150127,,S&P 500 Comp-Ltd,LGCAP,I0003,,10,S&P,HCA HEALTHCARE INC,HCA,40412C101,0000860730,8062,622110
063645,01,000003,20150127,20170301,S&P 500 Comp-Ltd,LGCAP,I0003,,10,S&P,ENDO INTERNATIONAL PLC,ENDP,G30401106,0001593034,2834,325412
001327,01,000003,20150312,,S&P 500 Comp-Ltd,LGCAP,I0003,,10,S&P,SKYWORKS SOLUTIONS INC,SWKS,83088M102,0000004127,3674,334413
061494,01,000003,20150318,,S&P 500 Comp-Ltd,LGCAP,I0003,,10,S&P,HENRY SCHEIN INC,HSIC,806407102,0001000228,5047,423450
001045,04,000003,20150323,,S&P 500 Comp-Ltd,LGCAP,I0003,,10,S&P,AMERICAN AIRLINES GROUP INC,AAL,02376R102,0000006201,4512,481111
065290,01,000003,20150323,,S&P 500 Comp-Ltd,LGCAP,I0003,,10,S&P,SL GREEN REALTY CORP,SLG,78440X101,0001040971,6798,531120
138743,01,000003,20150323,,S&P 500 Comp-Ltd,LGCAP,I0003,,10,S&P,EQUINIX INC,EQIX,29444U700,0001101239,6798,531120
175319,01,000003,20150323,,S&P 500 Comp-Ltd,LGCAP,I0003,,10,S&P,HANESBRANDS INC,HBI,410345102,0001359841,2300,315
030822,01,000003,20150407,,S&P 500 Comp-Ltd,LGCAP,I0003,,10,S&P,REALTY INCOME CORP,O,756109104,0000726728,6798,531120
064853,01,000003,20150612,,S&P 500 Comp-Ltd,LGCAP,I0003,,10,S&P,QORVO INC,QRVO,74736K101,0001604778,3674,334413
005783,01,000003,20150701,,S&P 500 Comp-Ltd,LGCAP,I0003,,10,S&P,HUNT (JB) TRANSPRT SVCS INC,JBHT,445658107,0000728535,4213,484121
022734,01,000003,20150701,20160602,S&P 500 Comp-Ltd,LGCAP,I0003,,10,S&P,BAXALTA INC,BXLT,07177M103,0001620546,2836,325414
029830,01,000003,20150702,,S&P 500 Comp-Ltd,LGCAP,I0003,,10,S&P,WESTROCK CO,WRK,96145D105,0001732845,2650,322211
023827,01,000003,20150702,20160705,S&P 500 Comp-Ltd,LGCAP,I0003,,10,S&P,COLUMBIA PIPELINE GROUP INC,CPGX,198280109,0001629995,4922,486210
005568,04,000003,20150703,,S&P 500 Comp-Ltd,LGCAP,I0003,,10,S&P,KRAFT HEINZ CO,KHC,500754106,0001637459,2030,31142
145977,01,000003,20150709,,S&P 500 Comp-Ltd,LGCAP,I0003,,10,S&P,ADVANCE AUTO PARTS INC,AAP,00751Y106,0001158449,5531,441310
024616,01,000003,20150720,,S&P 500 Comp-Ltd,LGCAP,I0003,,10,S&P,PAYPAL HOLDINGS INC,PYPL,70450Y103,0001633917,7374,518210
015520,01,000003,20150729,20180318,S&P 500 Comp-Ltd,LGCAP,I0003,,10,S&P,SIGNET JEWELERS LTD,SIG,G81276100,0000832988,5944,448310
180405,01,000003,20150831,,S&P 500 Comp-Ltd,LGCAP,I0003,,10,S&P,ACTIVISION BLIZZARD INC,ATVI,00507V109,0000718877,7372,511210
010795,04,000003,20150903,,S&P 500 Comp-Ltd,LGCAP,I0003,,10,S&P,UNITED AIRLINES HOLDINGS INC,UAL,910047109,0000100517,4512,481111
018043,02,000003,20150921,,S&P 500 Comp-Ltd,LGCAP,I0003,,10,S&P,NEWS CORP,NWSA,65249B208,0001564708,2711,511110
003226,02,000003,20150921,20151213,S&P 500 Comp-Ltd,LGCAP,I0003,,10,S&P,COMCAST CORP,CMCSA,20030N200,0001166691,4841,515210
012886,01,000003,20150921,20190319,S&P 500 Comp-Ltd,LGCAP,I0003,,10,S&P,TWENTY-FIRST CENTURY FOX INC,TFCFA,90130A408,0001308161,4888,515210
180652,01,000003,20151008,,S&P 500 Comp-Ltd,LGCAP,I0003,,10,S&P,VERISK ANALYTICS INC,VRSK,92345Y106,0001442145,6411,524298
026156,01,000003,20151102,,S&P 500 Comp-Ltd,LGCAP,I0003,,10,S&P,HEWLETT PACKARD ENTERPRISE,HPE,42824C109,0001645590,3571,334111
026410,01,000003,20151110,20151110,S&P 500 Comp-Ltd,LGCAP,I0003,,10,S&P,FOUR CORNERS PROPERTY TR INC,FCPT,35086T109,0001650132,6798,531120
020686,01,000003,20151118,,S&P 500 Comp-Ltd,LGCAP,I0003,,10,S&P,SYNCHRONY FINANCIAL,SYF,87165B103,0001601712,6141,522210
138205,01,000003,20151119,,S&P 500 Comp-Ltd,LGCAP,I0003,,10,S&P,ILLUMINA INC,ILMN,452327109,0001110803,3826,334516
026304,01,000003,20151130,20180403,S&P 500 Comp-Ltd,LGCAP,I0003,,10,S&P,CSRA INC,CSRA,12650T104,0001646383,7370,54151
003026,01,000003,20151229,,S&P 500 Comp-Ltd,LGCAP,I0003,,10,S&P,CHURCH & DWIGHT INC,CHD,171340102,0000313927,2840,325611
144009,01,000003,20160105,,S&P 500 Comp-Ltd,LGCAP,I0003,,10,S&P,WILLIS TOWERS WATSON PLC,WLTW,G96629103,0001140536,6411,524210
160479,01,000003,20160119,,S&P 500 Comp-Ltd,LGCAP,I0003,,10,S&P,EXTRA SPACE STORAGE INC,EXR,30225T102,0001289490,6798,531130
004605,01,000003,20160201,,S&P 500 Comp-Ltd,LGCAP,I0003,,10,S&P,FEDERAL REALTY INVESTMENT TR,FRT,313747206,0000034903,6798,531120
021825,01,000003,20160201,,S&P 500 Comp-Ltd,LGCAP,I0003,,10,S&P,CITIZENS FINANCIAL GROUP INC,CFG,174610105,0000759944,6020,522110
177884,01,000003,20160222,,S&P 500 Comp-Ltd,LGCAP,I0003,,10,S&P,CONCHO RESOURCES INC,CXO,20605P101,0001358071,1311,2111
179437,01,000003,20160304,,S&P 500 Comp-Ltd,LGCAP,I0003,,10,S&P,AMERICAN WATER WORKS CO INC,AWK,030420103,0001410636,4941,221310
010894,01,000003,20160307,,S&P 500 Comp-Ltd,LGCAP,I0003,,10,S&P,UDR INC,UDR,902653104,0000074208,6798,531110
020904,01,000003,20160330,,S&P 500 Comp-Ltd,LGCAP,I0003,,10,S&P,HOLOGIC INC,HOLX,436440101,0000859737,3844,334517
145552,01,000003,20160330,,S&P 500 Comp-Ltd,LGCAP,I0003,,10,S&P,CENTENE CORP,CNC,15135B101,0001071739,6324,524114
011584,01,000003,20160404,20190808,S&P 500 Comp-Ltd,LGCAP,I0003,,10,S&P,FOOT LOCKER INC,FL,344849104,0000850209,5661,448210
165052,03,000003,20160408,,S&P 500 Comp-Ltd,LGCAP,I0003,,10,S&P,UNDER ARMOUR INC,UAA,904311206,0001336917,2300,315
178704,01,000003,20160418,,S&P 500 Comp-Ltd,LGCAP,I0003,,10,S&P,ULTA BEAUTY INC,ULTA,90384S303,0001403568,5990,446120
141913,01,000003,20160425,,S&P 500 Comp-Ltd,LGCAP,I0003,,10,S&P,GLOBAL PAYMENTS INC,GPN,37940X102,0001123360,7374,518210
146017,01,000003,20160503,20180617,S&P 500 Comp-Ltd,LGCAP,I0003,,10,S&P,ACUITY BRANDS INC,AYI,00508Y102,0001144215,3640,335122
001230,01,000003,20160513,,S&P 500 Comp-Ltd,LGCAP,I0003,,10,S&P,ALASKA AIR GROUP INC,ALK,011659109,0000766421,4512,481111
024609,01,000003,20160513,20160513,S&P 500 Comp-Ltd,LGCAP,I0003,,10,S&P,,,,,,
027119,01,000003,20160516,20160516,S&P 500 Comp-Ltd,LGCAP,I0003,,10,S&P,INGEVITY CORP,NGVT,45688C107,0001653477,2860,3251
160991,01,000003,20160518,,S&P 500 Comp-Ltd,LGCAP,I0003,,10,S&P,DIGITAL REALTY TRUST INC,DLR,253868103,0001297996,6798,531120
155394,02,000003,20160523,,S&P 500 Comp-Ltd,LGCAP,I0003,,10,S&P,LKQ CORP,LKQ,501889208,0001065696,5010,423140
004973,01,000003,20160531,,S&P 500 Comp-Ltd,LGCAP,I0003,,10,S&P,ARTHUR J GALLAGHER & CO,AJG,363576109,0000354190,6411,524210
148349,01,000003,20160603,,S&P 500 Comp-Ltd,LGCAP,I0003,,10,S&P,TRANSDIGM GROUP INC,TDG,893641100,0001260221,3728,336413
188255,01,000003,20160624,,S&P 500 Comp-Ltd,LGCAP,I0003,,10,S&P,FORTUNE BRANDS HOME & SECUR,FBHS,34964C106,0001519751,2430,337110
011554,01,000003,20160701,,S&P 500 Comp-Ltd,LGCAP,I0003,,10,S&P,ALLIANT ENERGY CORP,LNT,018802108,0000352541,4931,22111
029751,01,000003,20160701,,S&P 500 Comp-Ltd,LGCAP,I0003,,10,S&P,ALBEMARLE CORP,ALB,012653101,0000915913,2810,325180
026590,01,000003,20160705,,S&P 500 Comp-Ltd,LGCAP,I0003,,10,S&P,FORTIVE CORP,FTV,34959J108,0001659166,3829,334519
065772,01,000003,20160906,,S&P 500 Comp-Ltd,LGCAP,I0003,,10,S&P,METTLER-TOLEDO INTL INC,MTD,592688105,0001037646,3826,334516
014489,02,000003,20160907,20160907,S&P 500 Comp-Ltd,LGCAP,I0003,,10,S&P,,,,,,
126136,03,000003,20160908,,S&P 500 Comp-Ltd,LGCAP,I0003,,10,S&P,CHARTER COMMUNICATIONS INC,CHTR,16119P108,0001091667,4841,515210
003504,01,000003,20160923,,S&P 500 Comp-Ltd,LGCAP,I0003,,10,S&P,COOPER COS INC (THE),COO,216648402,0000711404,3851,339115
012151,01,000003,20161003,,S&P 500 Comp-Ltd,LGCAP,I0003,,10,S&P,COTY INC,COTY,222070203,0001024305,2844,325620
026709,01,000003,20161003,20161003,S&P 500 Comp-Ltd,LGCAP,I0003,,10,S&P,VERSUM MATERIALS INC,VSM,92532W103,0001660690,2860,325199
028070,01,000003,20161003,20161003,S&P 500 Comp-Ltd,LGCAP,I0003,,10,S&P,ADVANSIX INC,ASIX,00773T101,0001673985,2820,325220
027333,01,000003,20161031,20161031,S&P 500 Comp-Ltd,LGCAP,I0003,,10,S&P,ADIENT PLC,ADNT,G0084W101,0001670541,2531,336360
028192,01,000003,20161101,,S&P 500 Comp-Ltd,LGCAP,I0003,,10,S&P,ARCONIC INC,ARNC,03965L100,0000004281,3728,336413
027638,01,000003,20161101,20161101,S&P 500 Comp-Ltd,LGCAP,I0003,,10,S&P,ALCOA CORP,AA,013872106,0001675149,3330,3313
027800,01,000003,20161101,20161101,S&P 500 Comp-Ltd,LGCAP,I0003,,10,S&P,QUALITY CARE PROPERTIES INC,QCP,747545101,0001677203,6798,531120
028499,01,000003,20161101,20161101,S&P 500 Comp-Ltd,LGCAP,I0003,,10,S&P,YUM CHINA HOLDINGS INC,YUMC,98850P109,0001673358,5812,722511
028790,01,000003,20161110,20161110,S&P 500 Comp-Ltd,LGCAP,I0003,,10,S&P,LAMB WESTON HOLDINGS INC,LW,513272104,0001679273,2030,311411
029649,01,000003,20161202,,S&P 500 Comp-Ltd,LGCAP,I0003,,10,S&P,MID-AMERICA APT CMNTYS INC,MAA,59522J103,0000912595,6798,531110
065967,01,000003,20161202,20181010,S&P 500 Comp-Ltd,LGCAP,I0003,,10,S&P,ENVISION HEALTHCARE CORP,EVHC,29414D100,0001678531,8011,621493
028719,01,000003,20170103,20170103,S&P 500 Comp-Ltd,LGCAP,I0003,,10,S&P,CONDUENT INC,CNDT,206787103,0001677703,7374,518210
024197,01,000003,20170105,,S&P 500 Comp-Ltd,LGCAP,I0003,,10,S&P,IDEXX LABS INC,IDXX,45168D104,0000874716,2835,325413
030923,01,000003,20170117,,S&P 500 Comp-Ltd,LGCAP,I0003,,10,S&P,TECHNIPFMC PLC,FTI,G87110105,0001681459,1389,237120
029004,01,000003,20170130,20170130,S&P 500 Comp-Ltd,LGCAP,I0003,,10,S&P,VAREX IMAGING CORP,VREX,92214X106,0001681622,3844,334517
029819,01,000003,20170202,20170202,S&P 500 Comp-Ltd,LGCAP,I0003,,10,S&P,BIOVERATIV INC,BIVV,09075E100,0001681689,2836,325414
029127,01,000003,20170228,,S&P 500 Comp-Ltd,LGCAP,I0003,,10,S&P,INCYTE CORP,INCY,45337C102,0000879169,2836,325414
184500,01,000003,20170301,,S&P 500 Comp-Ltd,LGCAP,I0003,,10,S&P,CBOE GLOBAL MARKETS INC,CBOE,12503M108,0001374310,6200,523210
029099,01,000003,20170302,,S&P 500 Comp-Ltd,LGCAP,I0003,,10,S&P,REGENCY CENTERS CORP,REG,758849103,0000910606,6798,531120
060900,01,000003,20170313,,S&P 500 Comp-Ltd,LGCAP,I0003,,10,S&P,DISH NETWORK CORP,DISH,25470M109,0001001082,4841,515210
024975,01,000003,20170316,,S&P 500 Comp-Ltd,LGCAP,I0003,,10,S&P,SYNOPSYS INC,SNPS,871607107,0000883241,7372,511210
001161,01,000003,20170320,,S&P 500 Comp-Ltd,LGCAP,I0003,,10,S&P,ADVANCED MICRO DEVICES,AMD,007903107,0000002488,3674,334413
008898,01,000003,20170320,,S&P 500 Comp-Ltd,LGCAP,I0003,,10,S&P,RAYMOND JAMES FINANCIAL CORP,RJF,754730109,0000720005,6211,523120
064821,01,000003,20170320,,S&P 500 Comp-Ltd,LGCAP,I0003,,10,S&P,ALEXANDRIA R E EQUITIES INC,ARE,015271109,0001035443,6798,531120
003336,01,000003,20170404,,S&P 500 Comp-Ltd,LGCAP,I0003,,10,S&P,DXC TECHNOLOGY CO,DXC,23355L106,0001688568,7370,541512
012441,01,000003,20170405,,S&P 500 Comp-Ltd,LGCAP,I0003,,10,S&P,GARTNER INC,IT,366651107,0000749251,8700,541910
029155,01,000003,20170601,20170601,S&P 500 Comp-Ltd,LGCAP,I0003,,10,S&P,CARS.COM INC,CARS,14575E105,0001683606,7370,519130
162906,01,000003,20170602,,S&P 500 Comp-Ltd,LGCAP,I0003,,10,S&P,IHS MARKIT LTD,INFO,G47567105,0001598014,7370,519130
005643,04,000003,20170619,,S&P 500 Comp-Ltd,LGCAP,I0003,,10,S&P,HILTON WORLDWIDE HOLDINGS,HLT,43300A203,0001585689,7011,721110
061388,01,000003,20170619,,S&P 500 Comp-Ltd,LGCAP,I0003,,10,S&P,EVEREST RE GROUP LTD,RE,G3223R108,0001095073,6331,524130
063080,01,000003,20170619,,S&P 500 Comp-Ltd,LGCAP,I0003,,10,S&P,ANSYS INC,ANSS,03662Q105,0001013462,7372,511210
141384,01,000003,20170619,,S&P 500 Comp-Ltd,LGCAP,I0003,,10,S&P,ALIGN TECHNOLOGY INC,ALGN,016255101,0001097149,3843,339114
001976,01,000003,20170706,20170706,S&P 500 Comp-Ltd,LGCAP,I0003,,10,S&P,BAKER HUGHES INC,BHI,057224107,0000808362,1381,213111
032106,01,000003,20170707,,S&P 500 Comp-Ltd,LGCAP,I0003,,10,S&P,BAKER HUGHES A GE CO,BHGE,05722G100,0001701605,1389,213112
032154,01,000003,20170718,20170718,S&P 500 Comp-Ltd,LGCAP,I0003,,10,S&P,JBG SMITH PPTYS,JBGS,46590V100,0001689796,6798,531120
009771,02,000003,20170726,,S&P 500 Comp-Ltd,LGCAP,I0003,,10,S&P,SMITH (A.O.),AOS,831865209,0000091142,3630,335220
013510,01,000003,20170726,,S&P 500 Comp-Ltd,LGCAP,I0003,,10,S&P,DUKE REALTY CORP,DRE,264411505,0000783280,6798,531120
014418,01,000003,20170726,,S&P 500 Comp-Ltd,LGCAP,I0003,,10,S&P,MGM RESORTS INTERNATIONAL,MGM,552953101,0000789570,7990,721120
031887,01,000003,20170726,,S&P 500 Comp-Ltd,LGCAP,I0003,,10,S&P,RESMED INC,RMD,761152107,0000943819,3845,334510
128978,01,000003,20170726,,S&P 500 Comp-Ltd,LGCAP,I0003,,10,S&P,PACKAGING CORP OF AMERICA,PKG,695156109,0000075677,2650,322211
031774,01,000003,20170807,20190402,S&P 500 Comp-Ltd,LGCAP,I0003,,10,S&P,BRIGHTHOUSE FINANL INC,BHF,10922N103,0001685040,6311,524113
017928,01,000003,20170829,,S&P 500 Comp-Ltd,LGCAP,I0003,,10,S&P,IQVIA HOLDINGS INC,IQV,46266C105,0001478242,8731,54171
121382,01,000003,20170901,,S&P 500 Comp-Ltd,LGCAP,I0003,,10,S&P,SBA COMMUNICATIONS CORP,SBAC,78410G104,0001034054,6798,531190
013421,01,000003,20170918,,S&P 500 Comp-Ltd,LGCAP,I0003,,10,S&P,CADENCE DESIGN SYSTEMS INC,CDNS,127387108,0000813672,7372,511210
104432,01,000003,20171013,,S&P 500 Comp-Ltd,LGCAP,I0003,,10,S&P,NORWEGIAN CRUISE LINE HLDGS,NCLH,G66721104,0001513761,4400,483112
031802,01,000003,20171205,20171205,S&P 500 Comp-Ltd,LGCAP,I0003,,10,S&P,DELPHI TECHNOLOGIES PLC,DLPH,G2709G107,0001707092,3714,336310
186310,01,000003,20180103,,S&P 500 Comp-Ltd,LGCAP,I0003,,10,S&P,HUNTINGTON INGALLS IND INC,HII,446413106,0001501585,3730,336611
175955,01,000003,20180307,,S&P 500 Comp-Ltd,LGCAP,I0003,,10,S&P,IPG PHOTONICS CORP,IPGP,44980X109,0001111928,3674,334413
017120,01,000003,20180319,,S&P 500 Comp-Ltd,LGCAP,I0003,,10,S&P,SVB FINANCIAL GROUP,SIVB,78486Q101,0000719739,6020,522110
064630,01,000003,20180319,,S&P 500 Comp-Ltd,LGCAP,I0003,,10,S&P,TAKE-TWO INTERACTIVE SFTWR,TTWO,874054109,0000946581,7372,511210
030137,01,000003,20180319,20191002,S&P 500 Comp-Ltd,LGCAP,I0003,,10,S&P,NEKTAR THERAPEUTICS,NKTR,640268108,0000906709,2834,325412
178507,01,000003,20180404,,S&P 500 Comp-Ltd,LGCAP,I0003,,10,S&P,MSCI INC,MSCI,55354G100,0001408198,6282,523930
326688,01,000003,20180501,20180501,S&P 500 Comp-Ltd,LGCAP,I0003,,10,S&P,NVENT ELECTRIC PLC,NVT,G6700G107,0001720635,3440,3323
033326,01,000003,20180509,20180509,S&P 500 Comp-Ltd,LGCAP,I0003,,10,S&P,APERGY CORP,APY,03755L104,0001723089,3533,333132
013619,01,000003,20180531,,S&P 500 Comp-Ltd,LGCAP,I0003,,10,S&P,ABIOMED INC,ABMD,003654100,0000815094,3841,339112
033439,01,000003,20180601,20180603,S&P 500 Comp-Ltd,LGCAP,I0003,,10,S&P,PERSPECTA INC,PRSP,715347100,0001724670,7370,541512
006338,01,000003,20180605,,S&P 500 Comp-Ltd,LGCAP,I0003,,10,S&P,EVERGY INC,EVRG,30034W106,0001711269,4931,22111
018872,01,000003,20180607,,S&P 500 Comp-Ltd,LGCAP,I0003,,10,S&P,TWITTER INC,TWTR,90184L102,0001418091,7370,519130
005667,01,000003,20180618,,S&P 500 Comp-Ltd,LGCAP,I0003,,10,S&P,HOLLYFRONTIER CORP,HFC,436106108,0000048039,2911,324110
176928,01,000003,20180618,,S&P 500 Comp-Ltd,LGCAP,I0003,,10,S&P,BROADRIDGE FINANCIAL SOLUTNS,BR,11133T103,0001383312,7373,541512
184700,01,000003,20180620,,S&P 500 Comp-Ltd,LGCAP,I0003,,10,S&P,FLEETCOR TECHNOLOGIES INC,FLT,339041105,0001175454,7374,518210
029901,01,000003,20180702,,S&P 500 Comp-Ltd,LGCAP,I0003,,10,S&P,COPART INC,CPRT,217204106,0000900075,5010,425120
020748,01,000003,20180828,,S&P 500 Comp-Ltd,LGCAP,I0003,,10,S&P,ARISTA NETWORKS INC,ANET,040413106,0001596532,3576,334118
260778,01,000003,20180917,,S&P 500 Comp-Ltd,LGCAP,I0003,,10,S&P,WELLCARE HEALTH PLANS INC,WCG,94946T106,0001279363,6324,524114
009225,01,000003,20181001,,S&P 500 Comp-Ltd,LGCAP,I0003,,10,S&P,ROLLINS INC,ROL,775711104,0000084839,7340,561710
183377,01,000003,20181011,,S&P 500 Comp-Ltd,LGCAP,I0003,,10,S&P,FORTINET INC,FTNT,34959E109,0001262039,3577,334118
020232,01,000003,20181106,,S&P 500 Comp-Ltd,LGCAP,I0003,,10,S&P,KEYSIGHT TECHNOLOGIES INC,KEYS,49338L103,0001601046,3825,334515
011811,01,000003,20181113,,S&P 500 Comp-Ltd,LGCAP,I0003,,10,S&P,HENRY (JACK) & ASSOCIATES,JKHY,426281101,0000779152,7373,541512
014256,01,000003,20181203,,S&P 500 Comp-Ltd,LGCAP,I0003,,10,S&P,MAXIM INTEGRATED PRODUCTS,MXIM,57772K101,0000743316,3674,334413
028790,01,000003,20181203,,S&P 500 Comp-Ltd,LGCAP,I0003,,10,S&P,LAMB WESTON HOLDINGS INC,LW,513272104,0001679273,2030,311411
170750,01,000003,20181203,,S&P 500 Comp-Ltd,LGCAP,I0003,,10,S&P,DIAMONDBACK ENERGY INC,FANG,25278X109,0001539838,1311,2111
162254,01,000003,20181224,,S&P 500 Comp-Ltd,LGCAP,I0003,,10,S&P,CELANESE CORP,CE,150870103,0001306830,2860,325199
014275,04,000003,20190102,,S&P 500 Comp-Ltd,LGCAP,I0003,,10,S&P,FIRST REPUBLIC BANK,FRC,33616C100,0001132979,6020,522110
010407,01,000003,20190118,,S&P 500 Comp-Ltd,LGCAP,I0003,,10,S&P,TELEFLEX INC,TFX,879369106,0000096943,3841,339112
034765,01,000003,20190208,20190210,S&P 500 Comp-Ltd,LGCAP,I0003,,10,S&P,COVETRUS INC,CVET,22304C100,0001752836,5912,446110
004383,01,000003,20190215,,S&P 500 Comp-Ltd,LGCAP,I0003,,10,S&P,ATMOS ENERGY CORP,ATO,049560105,0000731802,4924,221210
060979,01,000003,20190227,,S&P 500 Comp-Ltd,LGCAP,I0003,,10,S&P,WABTEC CORP,WAB,929740108,0000943452,3743,336510
034636,01,000003,20190319,,S&P 500 Comp-Ltd,LGCAP,I0003,,10,S&P,FOX CORP,FOXA,35137L105,0001754301,4833,515120
034636,02,000003,20190319,,S&P 500 Comp-Ltd,LGCAP,I0003,,10,S&P,FOX CORP,FOXA,35137L204,0001754301,4833,515120
034443,01,000003,20190402,,S&P 500 Comp-Ltd,LGCAP,I0003,,10,S&P,DOW INC,DOW,260557103,0001751788,2821,325211
035035,01,000003,20190523,20190523,S&P 500 Comp-Ltd,LGCAP,I0003,,10,S&P,KONTOOR BRANDS INC,KTB,50050N103,0001760965,2300,315
035168,01,000003,20190603,,S&P 500 Comp-Ltd,LGCAP,I0003,,10,S&P,CORTEVA INC- SPN,CTVA,22052L104,0001755672,0100,111
004060,01,000003,20190604,,S&P 500 Comp-Ltd,LGCAP,I0003,,10,S&P,DUPONT DE NEMOURS INC,DD,26614N102,0001666700,2821,325211
002154,01,000003,20190607,20190611,S&P 500 Comp-Ltd,LGCAP,I0003,,10,S&P,BEMIS CO INC,BMS,081437105,0000011199,2670,326112
100243,03,000003,20190612,,S&P 500 Comp-Ltd,LGCAP,I0003,,10,S&P,AMCOR PLC,AMCR,G0250X107,0000869428,2670,326112
158742,01,000003,20190701,,S&P 500 Comp-Ltd,LGCAP,I0003,,10,S&P,MARKETAXESS HOLDINGS INC,MKTX,57060D108,0001278021,6200,523210
005492,01,000003,20190702,,S&P 500 Comp-Ltd,LGCAP,I0003,,10,S&P,L3HARRIS TECHNOLOGIES INC,LHX,502431109,0000202058,3812,334511
017874,01,000003,20190715,,S&P 500 Comp-Ltd,LGCAP,I0003,,10,S&P,T-MOBILE US INC,TMUS,872590104,0001283699,4812,517312
015267,01,000003,20190809,,S&P 500 Comp-Ltd,LGCAP,I0003,,10,S&P,IDEX CORP,IEX,45167R104,0000832101,3561,333914
165123,01,000003,20190809,,S&P 500 Comp-Ltd,LGCAP,I0003,,10,S&P,LEIDOS HOLDINGS INC,LDOS,525327102,0001336920,7373,541512
010614,01,000003,20190812,,S&P 500 Comp-Ltd,LGCAP,I0003,,10,S&P,GLOBE LIFE INC,GL,37959E102,0000320335,6311,524113
028320,02,000003,20190923,,S&P 500 Comp-Ltd,LGCAP,I0003,,10,S&P,CDW CORP,CDW,12514G108,0001402057,5045,423430
012459,01,000003,20190926,,S&P 500 Comp-Ltd,LGCAP,I0003,,10,S&P,NVR INC,NVR,62944T105,0000906163,1531,236117
161844,01,000003,20191003,,S&P 500 Comp-Ltd,LGCAP,I0003,,10,S&P,LAS VEGAS SANDS CORP,LVS,517834107,0001300514,7990,721120
